field,held_out_id,held_out_partition,comparison_partition,closest_comparison_id,max_token_set_jaccard,at_or_above_threshold
offensive_text,8,validation,train,239,0.176471,0
offensive_text,15,validation,train,25,0.375000,0
offensive_text,30,validation,train,501,0.157895,0
offensive_text,33,validation,train,1932,0.222222,0
offensive_text,46,validation,train,576,0.214286,0
offensive_text,57,validation,train,218,0.125000,0
offensive_text,71,validation,train,345,0.181818,0
offensive_text,74,validation,train,1819,0.181818,0
offensive_text,88,validation,train,21,0.333333,0
offensive_text,94,validation,train,1116,0.083333,0
offensive_text,97,validation,train,1074,0.142857,0
offensive_text,109,validation,train,788,0.250000,0
offensive_text,136,validation,train,209,0.142857,0
offensive_text,145,validation,train,160,0.090909,0
offensive_text,150,validation,train,141,0.250000,0
offensive_text,169,validation,train,1845,0.125000,0
offensive_text,176,validation,train,1159,0.222222,0
offensive_text,179,validation,train,55,0.166667,0
offensive_text,189,validation,train,1888,0.153846,0
offensive_text,195,validation,train,615,0.139535,0
offensive_text,197,validation,train,196,0.150000,0
offensive_text,200,validation,train,1116,0.100000,0
offensive_text,212,validation,train,1008,0.142857,0
offensive_text,222,validation,train,2400,0.111111,0
offensive_text,232,validation,train,2083,0.250000,0
offensive_text,247,validation,train,213,0.090909,0
offensive_text,252,validation,train,2062,0.157895,0
offensive_text,271,validation,train,331,0.230769,0
offensive_text,273,validation,train,2333,0.210526,0
offensive_text,283,validation,train,160,0.230769,0
offensive_text,292,validation,train,2572,0.153846,0
offensive_text,297,validation,train,1555,0.100000,0
offensive_text,315,validation,train,1906,0.181818,0
offensive_text,319,validation,train,277,0.200000,0
offensive_text,323,validation,train,1744,0.133333,0
offensive_text,326,validation,train,2196,0.103448,0
offensive_text,332,validation,train,308,0.100000,0
offensive_text,352,validation,train,828,0.272727,0
offensive_text,368,validation,train,1606,0.150000,0
offensive_text,369,validation,train,2063,0.142857,0
offensive_text,415,validation,train,396,0.125000,0
offensive_text,431,validation,train,346,0.500000,0
offensive_text,434,validation,train,99,0.157895,0
offensive_text,444,validation,train,21,0.153846,0
offensive_text,458,validation,train,1057,0.137931,0
offensive_text,461,validation,train,650,0.133333,0
offensive_text,464,validation,train,1820,0.230769,0
offensive_text,472,validation,train,2877,0.095238,0
offensive_text,473,validation,train,1391,0.083333,0
offensive_text,486,validation,train,1691,0.153846,0
offensive_text,487,validation,train,1937,0.086957,0
offensive_text,512,validation,train,1705,0.150000,0
offensive_text,522,validation,train,264,0.090909,0
offensive_text,534,validation,train,989,0.111111,0
offensive_text,536,validation,train,309,0.080000,0
offensive_text,544,validation,train,675,0.181818,0
offensive_text,555,validation,train,2939,0.129032,0
offensive_text,556,validation,train,120,0.150000,0
offensive_text,568,validation,train,1540,0.142857,0
offensive_text,573,validation,train,21,0.300000,0
offensive_text,595,validation,train,21,0.166667,0
offensive_text,599,validation,train,1992,0.142857,0
offensive_text,606,validation,train,918,0.133333,0
offensive_text,613,validation,train,1930,0.115385,0
offensive_text,622,validation,train,743,0.173913,0
offensive_text,638,validation,train,2170,0.125000,0
offensive_text,671,validation,train,1209,0.100000,0
offensive_text,681,validation,train,1573,0.111111,0
offensive_text,686,validation,train,1671,0.153846,0
offensive_text,692,validation,train,1374,0.166667,0
offensive_text,701,validation,train,5,0.125000,0
offensive_text,706,validation,train,1370,0.093750,0
offensive_text,719,validation,train,1203,0.137931,0
offensive_text,730,validation,train,829,0.176471,0
offensive_text,742,validation,train,126,0.200000,0
offensive_text,745,validation,train,804,0.097561,0
offensive_text,756,validation,train,2441,0.250000,0
offensive_text,757,validation,train,2617,0.272727,0
offensive_text,765,validation,train,1191,0.153846,0
offensive_text,773,validation,train,1168,0.142857,0
offensive_text,784,validation,train,785,0.175000,0
offensive_text,790,validation,train,1772,0.115385,0
offensive_text,791,validation,train,1680,0.117647,0
offensive_text,795,validation,train,6,0.133333,0
offensive_text,806,validation,train,1568,0.108108,0
offensive_text,830,validation,train,1740,0.130435,0
offensive_text,841,validation,train,709,0.200000,0
offensive_text,843,validation,train,1554,0.153846,0
offensive_text,848,validation,train,1597,0.103448,0
offensive_text,863,validation,train,1304,0.227273,0
offensive_text,865,validation,train,2102,0.125000,0
offensive_text,870,validation,train,318,0.187500,0
offensive_text,872,validation,train,1446,0.160000,0
offensive_text,904,validation,train,1971,0.153846,0
offensive_text,928,validation,train,354,0.200000,0
offensive_text,930,validation,train,1024,0.111111,0
offensive_text,933,validation,train,976,0.105263,0
offensive_text,970,validation,train,986,0.100000,0
offensive_text,980,validation,train,1504,0.138889,0
offensive_text,1000,validation,train,2507,0.105263,0
offensive_text,1004,validation,train,2238,0.230769,0
offensive_text,1006,validation,train,2310,0.142857,0
offensive_text,1011,validation,train,1469,0.222222,0
offensive_text,1012,validation,train,682,0.142857,0
offensive_text,1019,validation,train,1913,0.083333,0
offensive_text,1026,validation,train,1883,0.222222,0
offensive_text,1028,validation,train,1027,0.166667,0
offensive_text,1035,validation,train,1232,0.111111,0
offensive_text,1038,validation,train,1502,0.117647,0
offensive_text,1045,validation,train,827,0.181818,0
offensive_text,1062,validation,train,2313,0.102564,0
offensive_text,1065,validation,train,154,0.133333,0
offensive_text,1069,validation,train,559,0.181818,0
offensive_text,1085,validation,train,474,0.166667,0
offensive_text,1091,validation,train,2634,0.148148,0
offensive_text,1101,validation,train,914,0.148148,0
offensive_text,1107,validation,train,753,0.131579,0
offensive_text,1115,validation,train,2568,0.166667,0
offensive_text,1117,validation,train,1067,0.116279,0
offensive_text,1118,validation,train,1710,0.102041,0
offensive_text,1135,validation,train,2122,0.133333,0
offensive_text,1136,validation,train,2267,0.142857,0
offensive_text,1147,validation,train,2474,0.115385,0
offensive_text,1175,validation,train,1960,0.071429,0
offensive_text,1189,validation,train,2743,0.103448,0
offensive_text,1193,validation,train,1746,0.105263,0
offensive_text,1201,validation,train,543,0.272727,0
offensive_text,1205,validation,train,1969,0.121212,0
offensive_text,1207,validation,train,1268,0.363636,0
offensive_text,1245,validation,train,2866,0.105263,0
offensive_text,1279,validation,train,1361,0.142857,0
offensive_text,1287,validation,train,2716,0.125000,0
offensive_text,1289,validation,train,2259,0.160000,0
offensive_text,1314,validation,train,1586,0.136364,0
offensive_text,1324,validation,train,2895,0.133333,0
offensive_text,1331,validation,train,2174,0.181818,0
offensive_text,1337,validation,train,2752,0.250000,0
offensive_text,1345,validation,train,1359,0.133333,0
offensive_text,1378,validation,train,851,0.125000,0
offensive_text,1393,validation,train,588,0.083333,0
offensive_text,1396,validation,train,717,0.125000,0
offensive_text,1400,validation,train,749,0.111111,0
offensive_text,1403,validation,train,2815,0.121212,0
offensive_text,1408,validation,train,2280,0.166667,0
offensive_text,1422,validation,train,272,0.214286,0
offensive_text,1424,validation,train,2985,0.108108,0
offensive_text,1430,validation,train,213,0.222222,0
offensive_text,1433,validation,train,630,0.185185,0
offensive_text,1438,validation,train,2632,0.130435,0
offensive_text,1462,validation,train,1445,0.153846,0
offensive_text,1492,validation,train,2273,0.125000,0
offensive_text,1546,validation,train,986,0.137931,0
offensive_text,1564,validation,train,2914,0.125000,0
offensive_text,1566,validation,train,1689,0.150000,0
offensive_text,1599,validation,train,2001,0.125000,0
offensive_text,1601,validation,train,498,0.142857,0
offensive_text,1608,validation,train,2777,0.125000,0
offensive_text,1611,validation,train,2905,0.200000,0
offensive_text,1617,validation,train,105,0.176471,0
offensive_text,1619,validation,train,1810,0.230769,0
offensive_text,1622,validation,train,2102,0.153846,0
offensive_text,1638,validation,train,969,0.115385,0
offensive_text,1642,validation,train,1937,0.192308,0
offensive_text,1658,validation,train,1954,0.081081,0
offensive_text,1704,validation,train,1727,0.157895,0
offensive_text,1715,validation,train,1696,0.153846,0
offensive_text,1722,validation,train,1209,0.153846,0
offensive_text,1726,validation,train,183,0.115385,0
offensive_text,1742,validation,train,2785,0.150000,0
offensive_text,1757,validation,train,2197,0.117647,0
offensive_text,1761,validation,train,1024,0.083333,0
offensive_text,1768,validation,train,2571,0.129032,0
offensive_text,1770,validation,train,336,0.166667,0
offensive_text,1780,validation,train,239,0.100000,0
offensive_text,1794,validation,train,1187,0.133333,0
offensive_text,1796,validation,train,1033,0.130435,0
offensive_text,1813,validation,train,2718,0.111111,0
offensive_text,1826,validation,train,1225,0.300000,0
offensive_text,1832,validation,train,886,0.125000,0
offensive_text,1833,validation,train,11,0.080000,0
offensive_text,1850,validation,train,1547,0.083333,0
offensive_text,1860,validation,train,360,0.166667,0
offensive_text,1861,validation,train,618,0.148148,0
offensive_text,1875,validation,train,997,0.147059,0
offensive_text,1879,validation,train,2777,0.285714,0
offensive_text,1887,validation,train,1420,0.266667,0
offensive_text,1903,validation,train,1506,0.235294,0
offensive_text,1905,validation,train,2567,0.214286,0
offensive_text,1911,validation,train,361,0.148148,0
offensive_text,1912,validation,train,99,0.300000,0
offensive_text,1919,validation,train,1920,0.230769,0
offensive_text,1925,validation,train,1615,0.153846,0
offensive_text,1926,validation,train,1436,0.142857,0
offensive_text,1938,validation,train,891,0.161290,0
offensive_text,1941,validation,train,2665,0.230769,0
offensive_text,1952,validation,train,1782,0.120000,0
offensive_text,1967,validation,train,2698,0.176471,0
offensive_text,1981,validation,train,233,0.190476,0
offensive_text,1984,validation,train,225,0.136364,0
offensive_text,1986,validation,train,1225,0.142857,0
offensive_text,2012,validation,train,527,0.210526,0
offensive_text,2013,validation,train,2933,0.142857,0
offensive_text,2021,validation,train,1819,0.085714,0
offensive_text,2023,validation,train,829,0.095238,0
offensive_text,2033,validation,train,137,0.090909,0
offensive_text,2046,validation,train,1506,0.266667,0
offensive_text,2054,validation,train,2914,0.100000,0
offensive_text,2074,validation,train,1351,0.230769,0
offensive_text,2078,validation,train,1030,0.150000,0
offensive_text,2103,validation,train,1100,0.121212,0
offensive_text,2104,validation,train,156,0.090909,0
offensive_text,2120,validation,train,612,0.151515,0
offensive_text,2121,validation,train,1699,0.105263,0
offensive_text,2124,validation,train,1413,0.120000,0
offensive_text,2141,validation,train,1864,0.142857,0
offensive_text,2150,validation,train,1717,0.142857,0
offensive_text,2160,validation,train,754,0.121212,0
offensive_text,2172,validation,train,242,0.133333,0
offensive_text,2173,validation,train,1801,0.137931,0
offensive_text,2176,validation,train,2063,0.142857,0
offensive_text,2182,validation,train,296,0.222222,0
offensive_text,2187,validation,train,358,0.187500,0
offensive_text,2234,validation,train,1148,0.166667,0
offensive_text,2239,validation,train,18,0.120000,0
offensive_text,2242,validation,train,318,0.142857,0
offensive_text,2244,validation,train,2842,0.125000,0
offensive_text,2245,validation,train,2658,0.272727,0
offensive_text,2247,validation,train,505,0.108108,0
offensive_text,2250,validation,train,2441,0.142857,0
offensive_text,2257,validation,train,396,0.062500,0
offensive_text,2263,validation,train,1581,0.166667,0
offensive_text,2264,validation,train,1039,0.136364,0
offensive_text,2314,validation,train,2266,0.083333,0
offensive_text,2316,validation,train,2311,0.181818,0
offensive_text,2319,validation,train,2315,0.105263,0
offensive_text,2320,validation,train,1951,0.133333,0
offensive_text,2351,validation,train,1538,0.074074,0
offensive_text,2359,validation,train,1695,0.166667,0
offensive_text,2365,validation,train,630,0.263158,0
offensive_text,2367,validation,train,2877,0.128205,0
offensive_text,2375,validation,train,1211,0.160000,0
offensive_text,2379,validation,train,580,0.120000,0
offensive_text,2382,validation,train,1350,0.157895,0
offensive_text,2385,validation,train,358,0.125000,0
offensive_text,2397,validation,train,2570,0.285714,0
offensive_text,2399,validation,train,327,0.166667,0
offensive_text,2415,validation,train,918,0.083333,0
offensive_text,2423,validation,train,1469,0.135135,0
offensive_text,2435,validation,train,348,0.222222,0
offensive_text,2462,validation,train,1150,0.250000,0
offensive_text,2468,validation,train,2632,0.176471,0
offensive_text,2481,validation,train,2071,0.172414,0
offensive_text,2500,validation,train,2109,0.142857,0
offensive_text,2501,validation,train,2079,0.095238,0
offensive_text,2511,validation,train,636,0.117647,0
offensive_text,2515,validation,train,2992,0.130435,0
offensive_text,2550,validation,train,154,0.117647,0
offensive_text,2552,validation,train,2419,0.133333,0
offensive_text,2564,validation,train,1741,0.121951,0
offensive_text,2576,validation,train,1644,0.125000,0
offensive_text,2603,validation,train,160,0.214286,0
offensive_text,2604,validation,train,617,0.146341,0
offensive_text,2611,validation,train,2709,0.133333,0
offensive_text,2638,validation,train,1874,0.090909,0
offensive_text,2648,validation,train,386,0.181818,0
offensive_text,2656,validation,train,2778,0.187500,0
offensive_text,2663,validation,train,895,0.142857,0
offensive_text,2670,validation,train,66,0.153846,0
offensive_text,2688,validation,train,1547,0.130435,0
offensive_text,2692,validation,train,2308,0.176471,0
offensive_text,2697,validation,train,2106,0.133333,0
offensive_text,2700,validation,train,1150,0.200000,0
offensive_text,2714,validation,train,837,0.272727,0
offensive_text,2744,validation,train,1594,0.125000,0
offensive_text,2764,validation,train,990,0.108108,0
offensive_text,2767,validation,train,2451,0.166667,0
offensive_text,2788,validation,train,1921,0.357143,0
offensive_text,2790,validation,train,2575,0.181818,0
offensive_text,2792,validation,train,1272,0.125000,0
offensive_text,2801,validation,train,1211,0.153846,0
offensive_text,2823,validation,train,2102,0.125000,0
offensive_text,2827,validation,train,1426,0.136364,0
offensive_text,2829,validation,train,690,0.100000,0
offensive_text,2834,validation,train,1192,0.136364,0
offensive_text,2836,validation,train,1517,0.111111,0
offensive_text,2857,validation,train,1068,0.157895,0
offensive_text,2858,validation,train,395,0.153846,0
offensive_text,2869,validation,train,238,0.100000,0
offensive_text,2883,validation,train,2085,0.103448,0
offensive_text,2897,validation,train,2896,0.181818,0
offensive_text,2912,validation,train,2994,0.096774,0
offensive_text,2917,validation,train,1046,0.125000,0
offensive_text,2940,validation,train,2307,0.111111,0
offensive_text,2956,validation,train,207,0.190476,0
offensive_text,2958,validation,train,515,0.111111,0
offensive_text,2970,validation,train,374,0.125000,0
offensive_text,2979,validation,train,1340,0.187500,0
offensive_text,2996,validation,train,438,0.142857,0
offensive_text,3000,validation,train,739,0.102564,0
offensive_text,3003,validation,train,66,0.133333,0
offensive_text,3008,validation,train,2434,0.113636,0
offensive_text,1,test,train,391,0.133333,0
offensive_text,23,test,train,2861,0.125000,0
offensive_text,31,test,train,2332,0.166667,0
offensive_text,44,test,train,21,0.375000,0
offensive_text,45,test,train,2859,0.200000,0
offensive_text,52,test,train,1361,0.117647,0
offensive_text,53,test,train,92,0.105263,0
offensive_text,64,test,train,2235,0.157895,0
offensive_text,68,test,train,2198,0.117647,0
offensive_text,81,test,train,321,0.142857,0
offensive_text,89,test,train,428,0.142857,0
offensive_text,103,test,train,895,0.230769,0
offensive_text,112,test,train,2919,0.095238,0
offensive_text,121,test,train,275,0.136364,0
offensive_text,125,test,train,1700,0.142857,0
offensive_text,135,test,train,2662,0.157895,0
offensive_text,140,test,train,1024,0.142857,0
offensive_text,142,test,train,779,0.111111,0
offensive_text,153,test,train,152,0.263158,0
offensive_text,163,test,train,2905,0.142857,0
offensive_text,171,test,train,1159,0.153846,0
offensive_text,174,test,train,66,0.166667,0
offensive_text,175,test,train,2096,0.142857,0
offensive_text,178,test,train,2804,0.166667,0
offensive_text,184,test,train,513,0.153846,0
offensive_text,185,test,train,331,0.133333,0
offensive_text,193,test,train,249,0.230769,0
offensive_text,204,test,train,268,0.151515,0
offensive_text,211,test,train,2236,0.142857,0
offensive_text,219,test,train,574,0.142857,0
offensive_text,228,test,train,1009,0.105263,0
offensive_text,234,test,train,1426,0.130435,0
offensive_text,240,test,train,802,0.120000,0
offensive_text,255,test,train,2014,0.142857,0
offensive_text,257,test,train,14,0.333333,0
offensive_text,258,test,train,1871,0.181818,0
offensive_text,267,test,train,1953,0.136364,0
offensive_text,284,test,train,364,0.105263,0
offensive_text,290,test,train,2347,0.166667,0
offensive_text,299,test,train,2440,0.214286,0
offensive_text,300,test,train,2291,0.142857,0
offensive_text,310,test,train,446,0.200000,0
offensive_text,314,test,train,2274,0.150000,0
offensive_text,322,test,train,1015,0.181818,0
offensive_text,325,test,train,859,0.136364,0
offensive_text,333,test,train,689,0.166667,0
offensive_text,344,test,train,432,0.142857,0
offensive_text,355,test,train,345,0.108108,0
offensive_text,366,test,train,2051,0.142857,0
offensive_text,367,test,train,1695,0.200000,0
offensive_text,388,test,train,1696,0.111111,0
offensive_text,394,test,train,2174,0.133333,0
offensive_text,403,test,train,1225,0.250000,0
offensive_text,408,test,train,391,0.125000,0
offensive_text,409,test,train,1696,0.142857,0
offensive_text,411,test,train,1036,0.090909,0
offensive_text,412,test,train,779,0.250000,0
offensive_text,416,test,train,869,0.108108,0
offensive_text,417,test,train,418,0.111111,0
offensive_text,421,test,train,1116,0.153846,0
offensive_text,424,test,train,425,0.250000,0
offensive_text,433,test,train,439,0.222222,0
offensive_text,437,test,train,626,0.086957,0
offensive_text,440,test,train,628,0.285714,0
offensive_text,450,test,train,780,0.133333,0
offensive_text,451,test,train,2842,0.200000,0
offensive_text,479,test,train,1500,0.090909,0
offensive_text,480,test,train,387,0.125000,0
offensive_text,496,test,train,2307,0.176471,0
offensive_text,499,test,train,2296,0.150000,0
offensive_text,507,test,train,1626,0.083333,0
offensive_text,508,test,train,577,0.176471,0
offensive_text,528,test,train,2311,0.090909,0
offensive_text,529,test,train,1096,0.102564,0
offensive_text,533,test,train,49,0.142857,0
offensive_text,545,test,train,2746,0.200000,0
offensive_text,558,test,train,866,0.111111,0
offensive_text,565,test,train,584,0.130435,0
offensive_text,566,test,train,2147,0.160000,0
offensive_text,569,test,train,779,0.222222,0
offensive_text,582,test,train,350,0.300000,0
offensive_text,600,test,train,1841,0.181818,0
offensive_text,602,test,train,2918,0.181818,0
offensive_text,603,test,train,1748,0.117647,0
offensive_text,611,test,train,618,0.233333,0
offensive_text,643,test,train,711,0.187500,0
offensive_text,651,test,train,819,0.166667,0
offensive_text,652,test,train,1561,0.133333,0
offensive_text,677,test,train,676,0.173913,0
offensive_text,679,test,train,2887,0.111111,0
offensive_text,680,test,train,546,0.129032,0
offensive_text,683,test,train,1864,0.250000,0
offensive_text,696,test,train,1824,0.125000,0
offensive_text,728,test,train,1693,0.166667,0
offensive_text,747,test,train,924,0.200000,0
offensive_text,760,test,train,468,0.086957,0
offensive_text,766,test,train,395,0.153846,0
offensive_text,768,test,train,1377,0.086957,0
offensive_text,777,test,train,268,0.205128,0
offensive_text,782,test,train,2192,0.111111,0
offensive_text,799,test,train,2479,0.120000,0
offensive_text,808,test,train,2994,0.156250,0
offensive_text,811,test,train,698,0.100000,0
offensive_text,813,test,train,1820,0.130435,0
offensive_text,818,test,train,2974,0.160000,0
offensive_text,820,test,train,1754,0.157895,0
offensive_text,832,test,train,2248,0.153846,0
offensive_text,846,test,train,161,0.111111,0
offensive_text,860,test,train,995,0.128205,0
offensive_text,875,test,train,1582,0.117647,0
offensive_text,880,test,train,662,0.080000,0
offensive_text,890,test,train,1696,0.166667,0
offensive_text,901,test,train,902,0.142857,0
offensive_text,913,test,train,270,0.153846,0
offensive_text,931,test,train,2149,0.142857,0
offensive_text,941,test,train,2152,0.117647,0
offensive_text,946,test,train,515,0.085714,0
offensive_text,950,test,train,2819,0.086957,0
offensive_text,953,test,train,106,0.111111,0
offensive_text,963,test,train,1239,0.153846,0
offensive_text,965,test,train,2303,0.129032,0
offensive_text,966,test,train,1597,0.130435,0
offensive_text,991,test,train,1731,0.138889,0
offensive_text,999,test,train,1048,0.137931,0
offensive_text,1002,test,train,560,0.108696,0
offensive_text,1042,test,train,1008,0.166667,0
offensive_text,1049,test,train,215,0.166667,0
offensive_text,1056,test,train,1604,0.136364,0
offensive_text,1079,test,train,1772,0.142857,0
offensive_text,1090,test,train,650,0.142857,0
offensive_text,1092,test,train,1097,0.133333,0
offensive_text,1095,test,train,2064,0.066667,0
offensive_text,1104,test,train,1446,0.190476,0
offensive_text,1114,test,train,1068,0.200000,0
offensive_text,1124,test,train,2185,0.142857,0
offensive_text,1134,test,train,2877,0.121951,0
offensive_text,1178,test,train,441,0.157895,0
offensive_text,1179,test,train,948,0.083333,0
offensive_text,1197,test,train,1198,0.266667,0
offensive_text,1212,test,train,318,0.200000,0
offensive_text,1217,test,train,2220,0.125000,0
offensive_text,1222,test,train,1224,0.200000,0
offensive_text,1229,test,train,126,0.133333,0
offensive_text,1230,test,train,2330,0.125000,0
offensive_text,1231,test,train,2362,0.105263,0
offensive_text,1237,test,train,873,0.120000,0
offensive_text,1238,test,train,2832,0.083333,0
offensive_text,1243,test,train,702,0.130435,0
offensive_text,1252,test,train,1132,0.176471,0
offensive_text,1264,test,train,1880,0.150000,0
offensive_text,1271,test,train,438,0.135135,0
offensive_text,1273,test,train,2149,0.222222,0
offensive_text,1284,test,train,1490,0.150000,0
offensive_text,1308,test,train,2430,0.148148,0
offensive_text,1318,test,train,598,0.166667,0
offensive_text,1323,test,train,1170,0.142857,0
offensive_text,1338,test,train,1817,0.129032,0
offensive_text,1344,test,train,1615,0.125000,0
offensive_text,1346,test,train,2225,0.133333,0
offensive_text,1360,test,train,1908,0.136364,0
offensive_text,1362,test,train,2436,0.117647,0
offensive_text,1363,test,train,1593,0.307692,0
offensive_text,1367,test,train,335,0.150000,0
offensive_text,1371,test,train,1654,0.151515,0
offensive_text,1375,test,train,1369,0.115385,0
offensive_text,1376,test,train,1292,0.150000,0
offensive_text,1414,test,train,923,0.137931,0
offensive_text,1423,test,train,627,0.120000,0
offensive_text,1428,test,train,1842,0.214286,0
offensive_text,1449,test,train,2389,0.210526,0
offensive_text,1454,test,train,474,0.090909,0
offensive_text,1458,test,train,2892,0.150000,0
offensive_text,1463,test,train,91,0.130435,0
offensive_text,1466,test,train,1088,0.125000,0
offensive_text,1468,test,train,2486,0.161290,0
offensive_text,1477,test,train,213,0.153846,0
offensive_text,1484,test,train,1670,0.075000,0
offensive_text,1487,test,train,1740,0.166667,0
offensive_text,1508,test,train,1185,0.071429,0
offensive_text,1510,test,train,2998,0.176471,0
offensive_text,1519,test,train,345,0.157895,0
offensive_text,1545,test,train,1377,0.076923,0
offensive_text,1565,test,train,1719,0.111111,0
offensive_text,1577,test,train,1159,0.125000,0
offensive_text,1587,test,train,1478,0.125000,0
offensive_text,1592,test,train,2572,0.160000,0
offensive_text,1627,test,train,2990,0.153846,0
offensive_text,1629,test,train,2803,0.125000,0
offensive_text,1643,test,train,90,0.214286,0
offensive_text,1652,test,train,1954,0.117647,0
offensive_text,1675,test,train,1806,0.137931,0
offensive_text,1703,test,train,2632,0.093750,0
offensive_text,1712,test,train,1569,0.125000,0
offensive_text,1724,test,train,1717,0.272727,0
offensive_text,1728,test,train,1908,0.125000,0
offensive_text,1738,test,train,1636,0.129032,0
offensive_text,1743,test,train,630,0.129032,0
offensive_text,1745,test,train,2855,0.121212,0
offensive_text,1763,test,train,794,0.125000,0
offensive_text,1764,test,train,1260,0.222222,0
offensive_text,1778,test,train,419,0.125000,0
offensive_text,1781,test,train,1297,0.200000,0
offensive_text,1790,test,train,395,0.111111,0
offensive_text,1799,test,train,1604,0.111111,0
offensive_text,1812,test,train,1420,0.153846,0
offensive_text,1836,test,train,2785,0.363636,0
offensive_text,1840,test,train,1225,0.090909,0
offensive_text,1851,test,train,987,0.066667,0
offensive_text,1862,test,train,1858,0.666667,0
offensive_text,1870,test,train,285,0.142857,0
offensive_text,1872,test,train,1173,0.153846,0
offensive_text,1877,test,train,1499,0.115385,0
offensive_text,1922,test,train,753,0.181818,0
offensive_text,1942,test,train,1716,0.136364,0
offensive_text,1949,test,train,2406,0.142857,0
offensive_text,1955,test,train,91,0.166667,0
offensive_text,1957,test,train,960,0.095238,0
offensive_text,1972,test,train,295,0.166667,0
offensive_text,1979,test,train,957,0.153846,0
offensive_text,1988,test,train,2698,0.238095,0
offensive_text,2008,test,train,1030,0.095238,0
offensive_text,2029,test,train,1782,0.187500,0
offensive_text,2041,test,train,1966,0.100000,0
offensive_text,2060,test,train,1674,0.157895,0
offensive_text,2081,test,train,90,0.214286,0
offensive_text,2084,test,train,663,0.125000,0
offensive_text,2087,test,train,828,0.083333,0
offensive_text,2092,test,train,2616,0.130435,0
offensive_text,2105,test,train,1921,0.142857,0
offensive_text,2108,test,train,2543,0.125000,0
offensive_text,2115,test,train,650,0.125000,0
offensive_text,2162,test,train,341,0.136364,0
offensive_text,2178,test,train,1695,0.125000,0
offensive_text,2188,test,train,14,0.222222,0
offensive_text,2190,test,train,1918,0.117647,0
offensive_text,2191,test,train,1987,0.108108,0
offensive_text,2203,test,train,1103,0.148148,0
offensive_text,2213,test,train,2217,0.142857,0
offensive_text,2216,test,train,743,0.137931,0
offensive_text,2243,test,train,1303,0.120000,0
offensive_text,2249,test,train,22,0.142857,0
offensive_text,2269,test,train,1621,0.111111,0
offensive_text,2277,test,train,214,0.125000,0
offensive_text,2281,test,train,346,0.160000,0
offensive_text,2284,test,train,21,0.272727,0
offensive_text,2293,test,train,543,0.166667,0
offensive_text,2300,test,train,1359,0.111111,0
offensive_text,2317,test,train,2964,0.125000,0
offensive_text,2324,test,train,86,0.166667,0
offensive_text,2341,test,train,2498,0.136364,0
offensive_text,2373,test,train,1859,0.078947,0
offensive_text,2376,test,train,1969,0.142857,0
offensive_text,2401,test,train,242,0.200000,0
offensive_text,2403,test,train,1581,0.227273,0
offensive_text,2413,test,train,986,0.133333,0
offensive_text,2416,test,train,2804,0.148148,0
offensive_text,2439,test,train,1420,0.307692,0
offensive_text,2454,test,train,2109,0.125000,0
offensive_text,2457,test,train,2951,0.150000,0
offensive_text,2463,test,train,1987,0.120000,0
offensive_text,2464,test,train,1695,0.125000,0
offensive_text,2482,test,train,13,0.125000,0
offensive_text,2491,test,train,805,0.190476,0
offensive_text,2496,test,train,2531,0.117647,0
offensive_text,2497,test,train,842,0.142857,0
offensive_text,2527,test,train,1177,0.160000,0
offensive_text,2529,test,train,1246,0.153846,0
offensive_text,2541,test,train,964,0.190476,0
offensive_text,2547,test,train,1700,0.200000,0
offensive_text,2556,test,train,1990,0.161290,0
offensive_text,2579,test,train,605,0.142857,0
offensive_text,2581,test,train,1008,0.222222,0
offensive_text,2602,test,train,2503,0.166667,0
offensive_text,2612,test,train,856,0.250000,0
offensive_text,2642,test,train,131,0.133333,0
offensive_text,2645,test,train,1426,0.111111,0
offensive_text,2647,test,train,10,0.153846,0
offensive_text,2651,test,train,1597,0.125000,0
offensive_text,2674,test,train,348,0.150000,0
offensive_text,2689,test,train,2219,0.161290,0
offensive_text,2699,test,train,1864,0.166667,0
offensive_text,2717,test,train,996,0.138889,0
offensive_text,2734,test,train,448,0.117647,0
offensive_text,2739,test,train,165,0.142857,0
offensive_text,2763,test,train,92,0.125000,0
offensive_text,2773,test,train,2567,0.250000,0
offensive_text,2787,test,train,1220,0.227273,0
offensive_text,2822,test,train,1650,0.157895,0
offensive_text,2835,test,train,2846,0.093750,0
offensive_text,2844,test,train,2796,0.222222,0
offensive_text,2862,test,train,413,0.300000,0
offensive_text,2872,test,train,1669,0.157895,0
offensive_text,2873,test,train,7,0.181818,0
offensive_text,2891,test,train,1029,0.176471,0
offensive_text,2894,test,train,316,0.142857,0
offensive_text,2901,test,train,263,0.178571,0
offensive_text,2907,test,train,2682,0.214286,0
offensive_text,2930,test,train,207,0.130435,0
offensive_text,2941,test,train,770,0.115385,0
offensive_text,2959,test,train,2372,0.160000,0
offensive_text,2975,test,train,2814,0.153846,0
offensive_text,2993,test,train,1822,0.176471,0
offensive_text,1,test,validation,2245,0.153846,0
offensive_text,23,test,validation,2365,0.090909,0
offensive_text,31,test,validation,1422,0.133333,0
offensive_text,44,test,validation,573,0.142857,0
offensive_text,45,test,validation,1004,0.142857,0
offensive_text,52,test,validation,1826,0.111111,0
offensive_text,53,test,validation,33,0.111111,0
offensive_text,64,test,validation,319,0.100000,0
offensive_text,68,test,validation,176,0.090909,0
offensive_text,81,test,validation,1941,0.083333,0
offensive_text,89,test,validation,1925,0.166667,0
offensive_text,103,test,validation,1207,0.153846,0
offensive_text,112,test,validation,1201,0.071429,0
offensive_text,121,test,validation,2012,0.120000,0
offensive_text,125,test,validation,1967,0.125000,0
offensive_text,135,test,validation,431,0.090909,0
offensive_text,140,test,validation,2576,0.100000,0
offensive_text,142,test,validation,1912,0.090909,0
offensive_text,153,test,validation,2648,0.111111,0
offensive_text,163,test,validation,1925,0.111111,0
offensive_text,171,test,validation,176,0.166667,0
offensive_text,174,test,validation,145,0.083333,0
offensive_text,175,test,validation,109,0.083333,0
offensive_text,178,test,validation,252,0.125000,0
offensive_text,184,test,validation,1028,0.111111,0
offensive_text,185,test,validation,719,0.074074,0
offensive_text,193,test,validation,2692,0.187500,0
offensive_text,204,test,validation,2979,0.160000,0
offensive_text,211,test,validation,1619,0.133333,0
offensive_text,219,test,validation,109,0.090909,0
offensive_text,228,test,validation,863,0.080000,0
offensive_text,234,test,validation,71,0.130435,0
offensive_text,240,test,validation,2397,0.095238,0
offensive_text,255,test,validation,2375,0.115385,0
offensive_text,257,test,validation,1903,0.235294,0
offensive_text,258,test,validation,1986,0.142857,0
offensive_text,267,test,validation,1337,0.176471,0
offensive_text,284,test,validation,1065,0.076923,0
offensive_text,290,test,validation,742,0.100000,0
offensive_text,299,test,validation,1566,0.111111,0
offensive_text,300,test,validation,841,0.153846,0
offensive_text,310,test,validation,2996,0.086957,0
offensive_text,314,test,validation,46,0.100000,0
offensive_text,322,test,validation,1201,0.153846,0
offensive_text,325,test,validation,1860,0.130435,0
offensive_text,333,test,validation,1011,0.133333,0
offensive_text,344,test,validation,1599,0.100000,0
offensive_text,355,test,validation,2435,0.081081,0
offensive_text,366,test,validation,2912,0.133333,0
offensive_text,367,test,validation,2468,0.181818,0
offensive_text,388,test,validation,1287,0.066667,0
offensive_text,394,test,validation,2788,0.090909,0
offensive_text,403,test,validation,1207,0.142857,0
offensive_text,408,test,validation,1430,0.076923,0
offensive_text,409,test,validation,1941,0.125000,0
offensive_text,411,test,validation,1941,0.083333,0
offensive_text,412,test,validation,1912,0.200000,0
offensive_text,416,test,validation,2375,0.105263,0
offensive_text,417,test,validation,2956,0.129032,0
offensive_text,421,test,validation,512,0.095238,0
offensive_text,424,test,validation,1617,0.076923,0
offensive_text,433,test,validation,1026,0.083333,0
offensive_text,437,test,validation,1011,0.083333,0
offensive_text,440,test,validation,1912,0.125000,0
offensive_text,450,test,validation,88,0.090909,0
offensive_text,451,test,validation,742,0.111111,0
offensive_text,479,test,validation,368,0.076923,0
offensive_text,480,test,validation,,0.000000,0
offensive_text,496,test,validation,88,0.083333,0
offensive_text,499,test,validation,599,0.090909,0
offensive_text,507,test,validation,544,0.071429,0
offensive_text,508,test,validation,2552,0.133333,0
offensive_text,528,test,validation,2316,0.076923,0
offensive_text,529,test,validation,2012,0.103448,0
offensive_text,533,test,validation,773,0.100000,0
offensive_text,545,test,validation,2245,0.142857,0
offensive_text,558,test,validation,2912,0.074074,0
offensive_text,565,test,validation,933,0.100000,0
offensive_text,566,test,validation,573,0.111111,0
offensive_text,569,test,validation,1912,0.181818,0
offensive_text,582,test,validation,1611,0.181818,0
offensive_text,600,test,validation,33,0.100000,0
offensive_text,602,test,validation,222,0.120000,0
offensive_text,603,test,validation,1952,0.074074,0
offensive_text,611,test,validation,2046,0.096774,0
offensive_text,643,test,validation,232,0.125000,0
offensive_text,651,test,validation,8,0.086957,0
offensive_text,652,test,validation,806,0.075472,0
offensive_text,677,test,validation,1201,0.083333,0
offensive_text,679,test,validation,841,0.200000,0
offensive_text,680,test,validation,1722,0.111111,0
offensive_text,683,test,validation,870,0.100000,0
offensive_text,696,test,validation,742,0.071429,0
offensive_text,728,test,validation,2638,0.071429,0
offensive_text,747,test,validation,1742,0.125000,0
offensive_text,760,test,validation,1850,0.066667,0
offensive_text,766,test,validation,179,0.090909,0
offensive_text,768,test,validation,692,0.055556,0
offensive_text,777,test,validation,1938,0.130435,0
offensive_text,782,test,validation,1599,0.100000,0
offensive_text,799,test,validation,756,0.096774,0
offensive_text,808,test,validation,2435,0.083333,0
offensive_text,811,test,validation,706,0.068966,0
offensive_text,813,test,validation,2141,0.125000,0
offensive_text,818,test,validation,1832,0.055556,0
offensive_text,820,test,validation,1011,0.125000,0
offensive_text,832,test,validation,109,0.100000,0
offensive_text,846,test,validation,2501,0.055556,0
offensive_text,860,test,validation,2790,0.103448,0
offensive_text,875,test,validation,1492,0.125000,0
offensive_text,880,test,validation,2176,0.055556,0
offensive_text,890,test,validation,1941,0.142857,0
offensive_text,901,test,validation,872,0.142857,0
offensive_text,913,test,validation,830,0.095238,0
offensive_text,931,test,validation,2648,0.066667,0
offensive_text,941,test,validation,2320,0.058824,0
offensive_text,946,test,validation,870,0.075000,0
offensive_text,950,test,validation,928,0.111111,0
offensive_text,953,test,validation,273,0.055556,0
offensive_text,963,test,validation,1408,0.176471,0
offensive_text,965,test,validation,1314,0.083333,0
offensive_text,966,test,validation,2834,0.083333,0
offensive_text,991,test,validation,1378,0.086957,0
offensive_text,999,test,validation,1011,0.136364,0
offensive_text,1002,test,validation,2103,0.075000,0
offensive_text,1042,test,validation,8,0.133333,0
offensive_text,1049,test,validation,1004,0.090909,0
offensive_text,1056,test,validation,2663,0.068966,0
offensive_text,1079,test,validation,1004,0.111111,0
offensive_text,1090,test,validation,1107,0.062500,0
offensive_text,1092,test,validation,1091,0.093750,0
offensive_text,1095,test,validation,2120,0.075000,0
offensive_text,1104,test,validation,2239,0.185185,0
offensive_text,1114,test,validation,1887,0.142857,0
offensive_text,1124,test,validation,2245,0.111111,0
offensive_text,1134,test,validation,176,0.090909,0
offensive_text,1178,test,validation,742,0.142857,0
offensive_text,1179,test,validation,1860,0.083333,0
offensive_text,1197,test,validation,1408,0.086957,0
offensive_text,1212,test,validation,843,0.153846,0
offensive_text,1217,test,validation,1704,0.133333,0
offensive_text,1222,test,validation,2397,0.142857,0
offensive_text,1229,test,validation,742,0.153846,0
offensive_text,1230,test,validation,2611,0.100000,0
offensive_text,1231,test,validation,2247,0.074074,0
offensive_text,1237,test,validation,2468,0.111111,0
offensive_text,1238,test,validation,2033,0.041667,0
offensive_text,1243,test,validation,1135,0.058824,0
offensive_text,1252,test,validation,189,0.133333,0
offensive_text,1264,test,validation,464,0.105263,0
offensive_text,1271,test,validation,1642,0.105263,0
offensive_text,1273,test,validation,1919,0.090909,0
offensive_text,1284,test,validation,486,0.086957,0
offensive_text,1308,test,validation,2714,0.114286,0
offensive_text,1318,test,validation,1085,0.133333,0
offensive_text,1323,test,validation,1337,0.142857,0
offensive_text,1338,test,validation,2604,0.111111,0
offensive_text,1344,test,validation,1345,0.230769,0
offensive_text,1346,test,validation,1287,0.200000,0
offensive_text,1360,test,validation,933,0.120000,0
offensive_text,1362,test,validation,2264,0.100000,0
offensive_text,1363,test,validation,30,0.153846,0
offensive_text,1367,test,validation,2468,0.085714,0
offensive_text,1371,test,validation,573,0.103448,0
offensive_text,1375,test,validation,613,0.081081,0
offensive_text,1376,test,validation,292,0.103448,0
offensive_text,1414,test,validation,273,0.096774,0
offensive_text,1423,test,validation,444,0.076923,0
offensive_text,1428,test,validation,1430,0.200000,0
offensive_text,1449,test,validation,2979,0.130435,0
offensive_text,1454,test,validation,2013,0.083333,0
offensive_text,1458,test,validation,730,0.142857,0
offensive_text,1463,test,validation,863,0.096774,0
offensive_text,1466,test,validation,2375,0.085714,0
offensive_text,1468,test,validation,573,0.130435,0
offensive_text,1477,test,validation,1430,0.142857,0
offensive_text,1484,test,validation,2700,0.074074,0
offensive_text,1487,test,validation,2790,0.176471,0
offensive_text,1508,test,validation,2912,0.068966,0
offensive_text,1510,test,validation,765,0.157895,0
offensive_text,1519,test,validation,2790,0.133333,0
offensive_text,1545,test,validation,145,0.050000,0
offensive_text,1565,test,validation,1617,0.068966,0
offensive_text,1577,test,validation,176,0.133333,0
offensive_text,1587,test,validation,2435,0.111111,0
offensive_text,1592,test,validation,292,0.107143,0
offensive_text,1627,test,validation,1986,0.142857,0
offensive_text,1629,test,validation,2481,0.083333,0
offensive_text,1643,test,validation,1331,0.153846,0
offensive_text,1652,test,validation,472,0.090909,0
offensive_text,1675,test,validation,2012,0.103448,0
offensive_text,1703,test,validation,2700,0.107143,0
offensive_text,1712,test,validation,1065,0.083333,0
offensive_text,1724,test,validation,1912,0.150000,0
offensive_text,1728,test,validation,1642,0.107143,0
offensive_text,1738,test,validation,179,0.111111,0
offensive_text,1743,test,validation,843,0.102564,0
offensive_text,1745,test,validation,830,0.108108,0
offensive_text,1763,test,validation,2054,0.086957,0
offensive_text,1764,test,validation,1065,0.090909,0
offensive_text,1778,test,validation,928,0.117647,0
offensive_text,1781,test,validation,46,0.100000,0
offensive_text,1790,test,validation,1826,0.095238,0
offensive_text,1799,test,validation,1065,0.083333,0
offensive_text,1812,test,validation,2790,0.133333,0
offensive_text,1836,test,validation,756,0.187500,0
offensive_text,1840,test,validation,1207,0.083333,0
offensive_text,1851,test,validation,33,0.066667,0
offensive_text,1862,test,validation,273,0.115385,0
offensive_text,1870,test,validation,2836,0.105263,0
offensive_text,1872,test,validation,1704,0.133333,0
offensive_text,1877,test,validation,2435,0.074074,0
offensive_text,1922,test,validation,8,0.142857,0
offensive_text,1942,test,validation,2688,0.096774,0
offensive_text,1949,test,validation,1065,0.076923,0
offensive_text,1955,test,validation,2141,0.117647,0
offensive_text,1957,test,validation,2013,0.100000,0
offensive_text,1972,test,validation,1981,0.157895,0
offensive_text,1979,test,validation,1722,0.125000,0
offensive_text,1988,test,validation,1967,0.142857,0
offensive_text,2008,test,validation,150,0.066667,0
offensive_text,2029,test,validation,2013,0.153846,0
offensive_text,2041,test,validation,1887,0.068966,0
offensive_text,2060,test,validation,2120,0.136364,0
offensive_text,2081,test,validation,1331,0.153846,0
offensive_text,2084,test,validation,2663,0.062500,0
offensive_text,2087,test,validation,841,0.076923,0
offensive_text,2092,test,validation,2511,0.096774,0
offensive_text,2105,test,validation,970,0.076923,0
offensive_text,2108,test,validation,1860,0.130435,0
offensive_text,2115,test,validation,1850,0.085714,0
offensive_text,2162,test,validation,512,0.115385,0
offensive_text,2178,test,validation,1981,0.137931,0
offensive_text,2188,test,validation,1903,0.111111,0
offensive_text,2190,test,validation,2187,0.142857,0
offensive_text,2191,test,validation,1938,0.065217,0
offensive_text,2203,test,validation,2187,0.100000,0
offensive_text,2213,test,validation,1147,0.083333,0
offensive_text,2216,test,validation,1642,0.114286,0
offensive_text,2243,test,validation,980,0.083333,0
offensive_text,2249,test,validation,1424,0.050000,0
offensive_text,2269,test,validation,1430,0.105263,0
offensive_text,2277,test,validation,1903,0.136364,0
offensive_text,2281,test,validation,2979,0.185185,0
offensive_text,2284,test,validation,573,0.266667,0
offensive_text,2293,test,validation,2790,0.142857,0
offensive_text,2300,test,validation,1193,0.066667,0
offensive_text,2317,test,validation,2320,0.161290,0
offensive_text,2324,test,validation,2375,0.086957,0
offensive_text,2341,test,validation,1926,0.129032,0
offensive_text,2373,test,validation,2611,0.055556,0
offensive_text,2376,test,validation,1826,0.166667,0
offensive_text,2401,test,validation,2172,0.153846,0
offensive_text,2403,test,validation,2234,0.086957,0
offensive_text,2413,test,validation,2124,0.088235,0
offensive_text,2416,test,validation,283,0.137931,0
offensive_text,2439,test,validation,2046,0.235294,0
offensive_text,2454,test,validation,1193,0.066667,0
offensive_text,2457,test,validation,1207,0.142857,0
offensive_text,2463,test,validation,930,0.125000,0
offensive_text,2464,test,validation,2359,0.111111,0
offensive_text,2482,test,validation,33,0.071429,0
offensive_text,2491,test,validation,2897,0.086957,0
offensive_text,2496,test,validation,2481,0.083333,0
offensive_text,2497,test,validation,1091,0.148148,0
offensive_text,2527,test,validation,3008,0.125000,0
offensive_text,2529,test,validation,2836,0.111111,0
offensive_text,2541,test,validation,179,0.095238,0
offensive_text,2547,test,validation,150,0.200000,0
offensive_text,2556,test,validation,980,0.125000,0
offensive_text,2579,test,validation,2242,0.074074,0
offensive_text,2581,test,validation,1926,0.100000,0
offensive_text,2602,test,validation,1279,0.105263,0
offensive_text,2612,test,validation,1492,0.120000,0
offensive_text,2642,test,validation,1069,0.153846,0
offensive_text,2645,test,validation,573,0.125000,0
offensive_text,2647,test,validation,2173,0.090909,0
offensive_text,2651,test,validation,292,0.142857,0
offensive_text,2674,test,validation,2435,0.115385,0
offensive_text,2689,test,validation,1912,0.136364,0
offensive_text,2699,test,validation,980,0.115385,0
offensive_text,2717,test,validation,1430,0.055556,0
offensive_text,2734,test,validation,2141,0.133333,0
offensive_text,2739,test,validation,1826,0.142857,0
offensive_text,2763,test,validation,2481,0.071429,0
offensive_text,2773,test,validation,1611,0.142857,0
offensive_text,2787,test,validation,2788,0.120000,0
offensive_text,2822,test,validation,1967,0.117647,0
offensive_text,2835,test,validation,556,0.083333,0
offensive_text,2844,test,validation,2182,0.190476,0
offensive_text,2862,test,validation,431,0.333333,0
offensive_text,2872,test,validation,2182,0.173913,0
offensive_text,2873,test,validation,2359,0.076923,0
offensive_text,2891,test,validation,1065,0.125000,0
offensive_text,2894,test,validation,1135,0.076923,0
offensive_text,2901,test,validation,1408,0.115385,0
offensive_text,2907,test,validation,756,0.100000,0
offensive_text,2930,test,validation,1408,0.071429,0
offensive_text,2941,test,validation,2790,0.111111,0
offensive_text,2959,test,validation,2234,0.130435,0
offensive_text,2975,test,validation,1599,0.083333,0
offensive_text,2993,test,validation,71,0.100000,0
counterspeech_text,8,validation,train,1304,0.571429,0
counterspeech_text,15,validation,train,836,0.615385,0
counterspeech_text,30,validation,train,539,0.600000,0
counterspeech_text,33,validation,train,1144,0.500000,0
counterspeech_text,46,validation,train,990,0.533333,0
counterspeech_text,57,validation,train,1313,0.600000,0
counterspeech_text,71,validation,train,277,0.500000,0
counterspeech_text,74,validation,train,770,0.642857,0
counterspeech_text,88,validation,train,279,0.500000,0
counterspeech_text,94,validation,train,115,0.714286,1
counterspeech_text,97,validation,train,964,0.636364,0
counterspeech_text,109,validation,train,1892,0.625000,0
counterspeech_text,136,validation,train,772,0.692308,0
counterspeech_text,145,validation,train,1470,0.615385,0
counterspeech_text,150,validation,train,1072,0.692308,0
counterspeech_text,169,validation,train,144,0.500000,0
counterspeech_text,176,validation,train,420,0.666667,0
counterspeech_text,179,validation,train,192,0.533333,0
counterspeech_text,189,validation,train,63,0.785714,1
counterspeech_text,195,validation,train,393,0.642857,0
counterspeech_text,197,validation,train,1203,0.466667,0
counterspeech_text,200,validation,train,231,0.714286,1
counterspeech_text,212,validation,train,328,0.538462,0
counterspeech_text,222,validation,train,29,0.692308,0
counterspeech_text,232,validation,train,1150,0.500000,0
counterspeech_text,247,validation,train,124,0.500000,0
counterspeech_text,252,validation,train,754,0.562500,0
counterspeech_text,271,validation,train,932,0.352941,0
counterspeech_text,273,validation,train,2197,0.562500,0
counterspeech_text,283,validation,train,1388,0.636364,0
counterspeech_text,292,validation,train,1295,0.642857,0
counterspeech_text,297,validation,train,384,0.437500,0
counterspeech_text,315,validation,train,1013,0.538462,0
counterspeech_text,319,validation,train,718,0.529412,0
counterspeech_text,323,validation,train,404,0.571429,0
counterspeech_text,326,validation,train,500,0.571429,0
counterspeech_text,332,validation,train,335,0.562500,0
counterspeech_text,352,validation,train,225,0.538462,0
counterspeech_text,368,validation,train,1055,0.727273,1
counterspeech_text,369,validation,train,156,0.444444,0
counterspeech_text,415,validation,train,483,0.583333,0
counterspeech_text,431,validation,train,147,0.500000,0
counterspeech_text,434,validation,train,286,0.500000,0
counterspeech_text,444,validation,train,698,0.692308,0
counterspeech_text,458,validation,train,1110,0.714286,1
counterspeech_text,461,validation,train,2231,0.600000,0
counterspeech_text,464,validation,train,593,0.615385,0
counterspeech_text,472,validation,train,1488,0.615385,0
counterspeech_text,473,validation,train,1425,0.714286,1
counterspeech_text,486,validation,train,1246,0.733333,1
counterspeech_text,487,validation,train,826,0.692308,0
counterspeech_text,512,validation,train,335,0.500000,0
counterspeech_text,522,validation,train,862,0.600000,0
counterspeech_text,534,validation,train,235,0.642857,0
counterspeech_text,536,validation,train,1405,0.562500,0
counterspeech_text,544,validation,train,897,0.600000,0
counterspeech_text,555,validation,train,1385,0.571429,0
counterspeech_text,556,validation,train,543,0.733333,1
counterspeech_text,568,validation,train,1450,0.428571,0
counterspeech_text,573,validation,train,1325,0.600000,0
counterspeech_text,595,validation,train,1068,0.538462,0
counterspeech_text,599,validation,train,871,0.666667,0
counterspeech_text,606,validation,train,583,0.562500,0
counterspeech_text,613,validation,train,1356,0.583333,0
counterspeech_text,622,validation,train,819,0.500000,0
counterspeech_text,638,validation,train,455,0.727273,1
counterspeech_text,671,validation,train,849,0.600000,0
counterspeech_text,681,validation,train,481,0.500000,0
counterspeech_text,686,validation,train,562,0.666667,0
counterspeech_text,692,validation,train,1067,0.666667,0
counterspeech_text,701,validation,train,50,0.625000,0
counterspeech_text,706,validation,train,309,0.400000,0
counterspeech_text,719,validation,train,687,0.533333,0
counterspeech_text,730,validation,train,497,0.571429,0
counterspeech_text,742,validation,train,526,0.384615,0
counterspeech_text,745,validation,train,570,0.562500,0
counterspeech_text,756,validation,train,422,0.500000,0
counterspeech_text,757,validation,train,447,0.562500,0
counterspeech_text,765,validation,train,923,0.666667,0
counterspeech_text,773,validation,train,585,0.400000,0
counterspeech_text,784,validation,train,118,0.666667,0
counterspeech_text,790,validation,train,335,0.388889,0
counterspeech_text,791,validation,train,397,0.538462,0
counterspeech_text,795,validation,train,1470,0.538462,0
counterspeech_text,806,validation,train,22,0.600000,0
counterspeech_text,830,validation,train,341,0.571429,0
counterspeech_text,841,validation,train,912,0.615385,0
counterspeech_text,843,validation,train,1286,0.642857,0
counterspeech_text,848,validation,train,376,0.562500,0
counterspeech_text,863,validation,train,16,0.470588,0
counterspeech_text,865,validation,train,164,0.600000,0
counterspeech_text,870,validation,train,1206,0.615385,0
counterspeech_text,872,validation,train,1174,0.500000,0
counterspeech_text,904,validation,train,422,0.692308,0
counterspeech_text,928,validation,train,264,0.461538,0
counterspeech_text,930,validation,train,537,0.437500,0
counterspeech_text,933,validation,train,506,0.666667,0
counterspeech_text,970,validation,train,2231,0.562500,0
counterspeech_text,980,validation,train,1600,0.538462,0
counterspeech_text,1000,validation,train,390,0.312500,0
counterspeech_text,1004,validation,train,296,0.714286,1
counterspeech_text,1006,validation,train,419,0.642857,0
counterspeech_text,1011,validation,train,1126,0.615385,0
counterspeech_text,1012,validation,train,372,0.437500,0
counterspeech_text,1019,validation,train,331,0.600000,0
counterspeech_text,1026,validation,train,1041,0.461538,0
counterspeech_text,1028,validation,train,1088,0.666667,0
counterspeech_text,1035,validation,train,20,0.571429,0
counterspeech_text,1038,validation,train,867,0.615385,0
counterspeech_text,1045,validation,train,485,0.428571,0
counterspeech_text,1062,validation,train,842,0.692308,0
counterspeech_text,1065,validation,train,1313,0.642857,0
counterspeech_text,1069,validation,train,1481,0.200000,0
counterspeech_text,1085,validation,train,1163,0.666667,0
counterspeech_text,1091,validation,train,815,0.692308,0
counterspeech_text,1101,validation,train,494,0.533333,0
counterspeech_text,1107,validation,train,1257,0.692308,0
counterspeech_text,1115,validation,train,1112,0.562500,0
counterspeech_text,1117,validation,train,1072,0.400000,0
counterspeech_text,1118,validation,train,1459,0.437500,0
counterspeech_text,1135,validation,train,263,0.625000,0
counterspeech_text,1136,validation,train,83,0.583333,0
counterspeech_text,1147,validation,train,1169,0.625000,0
counterspeech_text,1175,validation,train,1388,0.538462,0
counterspeech_text,1189,validation,train,111,0.500000,0
counterspeech_text,1193,validation,train,687,0.642857,0
counterspeech_text,1201,validation,train,494,0.642857,0
counterspeech_text,1205,validation,train,1015,0.470588,0
counterspeech_text,1207,validation,train,272,0.533333,0
counterspeech_text,1245,validation,train,371,0.666667,0
counterspeech_text,1279,validation,train,1215,0.600000,0
counterspeech_text,1287,validation,train,1429,0.666667,0
counterspeech_text,1289,validation,train,287,0.529412,0
counterspeech_text,1314,validation,train,152,0.352941,0
counterspeech_text,1324,validation,train,1106,0.428571,0
counterspeech_text,1331,validation,train,772,0.642857,0
counterspeech_text,1337,validation,train,1440,0.437500,0
counterspeech_text,1345,validation,train,1316,0.642857,0
counterspeech_text,1378,validation,train,265,0.692308,0
counterspeech_text,1393,validation,train,1167,0.625000,0
counterspeech_text,1396,validation,train,579,0.642857,0
counterspeech_text,1400,validation,train,1110,0.600000,0
counterspeech_text,1403,validation,train,968,0.562500,0
counterspeech_text,1408,validation,train,862,0.642857,0
counterspeech_text,1422,validation,train,1215,0.470588,0
counterspeech_text,1424,validation,train,1442,0.642857,0
counterspeech_text,1430,validation,train,1298,0.562500,0
counterspeech_text,1433,validation,train,1158,0.388889,0
counterspeech_text,1438,validation,train,127,0.700000,1
counterspeech_text,1462,validation,train,704,0.625000,0
counterspeech_text,1492,validation,train,1412,0.500000,0
counterspeech_text,1546,validation,train,2881,0.466667,0
counterspeech_text,1564,validation,train,2097,0.666667,0
counterspeech_text,1566,validation,train,2441,0.750000,1
counterspeech_text,1599,validation,train,2123,0.714286,1
counterspeech_text,1601,validation,train,1758,0.615385,0
counterspeech_text,1608,validation,train,2728,0.533333,0
counterspeech_text,1611,validation,train,2318,0.333333,0
counterspeech_text,1617,validation,train,2523,0.571429,0
counterspeech_text,1619,validation,train,2526,0.714286,1
counterspeech_text,1622,validation,train,2565,0.666667,0
counterspeech_text,1638,validation,train,1777,0.533333,0
counterspeech_text,1642,validation,train,2037,0.437500,0
counterspeech_text,1658,validation,train,1994,0.692308,0
counterspeech_text,1704,validation,train,2072,0.625000,0
counterspeech_text,1715,validation,train,2487,0.466667,0
counterspeech_text,1722,validation,train,2017,0.666667,0
counterspeech_text,1726,validation,train,2794,0.625000,0
counterspeech_text,1742,validation,train,2954,0.533333,0
counterspeech_text,1757,validation,train,1543,0.470588,0
counterspeech_text,1761,validation,train,518,0.315789,0
counterspeech_text,1768,validation,train,2680,0.538462,0
counterspeech_text,1770,validation,train,1708,0.600000,0
counterspeech_text,1780,validation,train,2826,0.461538,0
counterspeech_text,1794,validation,train,29,0.571429,0
counterspeech_text,1796,validation,train,1723,0.642857,0
counterspeech_text,1813,validation,train,1776,0.600000,0
counterspeech_text,1826,validation,train,1890,0.437500,0
counterspeech_text,1832,validation,train,2090,0.642857,0
counterspeech_text,1833,validation,train,2240,0.666667,0
counterspeech_text,1850,validation,train,1614,0.625000,0
counterspeech_text,1860,validation,train,1822,0.600000,0
counterspeech_text,1861,validation,train,2117,0.642857,0
counterspeech_text,1875,validation,train,2988,0.615385,0
counterspeech_text,1879,validation,train,2701,0.600000,0
counterspeech_text,1887,validation,train,2519,0.642857,0
counterspeech_text,1903,validation,train,2409,0.571429,0
counterspeech_text,1905,validation,train,2388,0.437500,0
counterspeech_text,1911,validation,train,2963,0.666667,0
counterspeech_text,1912,validation,train,2238,0.692308,0
counterspeech_text,1919,validation,train,2802,0.666667,0
counterspeech_text,1925,validation,train,1944,0.615385,0
counterspeech_text,1926,validation,train,1612,0.666667,0
counterspeech_text,1938,validation,train,2165,0.666667,0
counterspeech_text,1941,validation,train,2322,0.600000,0
counterspeech_text,1952,validation,train,2489,0.538462,0
counterspeech_text,1967,validation,train,1718,0.666667,0
counterspeech_text,1981,validation,train,1557,0.666667,0
counterspeech_text,1984,validation,train,1518,0.642857,0
counterspeech_text,1986,validation,train,2119,0.642857,0
counterspeech_text,2012,validation,train,1700,0.625000,0
counterspeech_text,2013,validation,train,1856,0.500000,0
counterspeech_text,2021,validation,train,2093,0.666667,0
counterspeech_text,2023,validation,train,1689,0.538462,0
counterspeech_text,2033,validation,train,1822,0.666667,0
counterspeech_text,2046,validation,train,1910,0.625000,0
counterspeech_text,2054,validation,train,1610,0.642857,0
counterspeech_text,2074,validation,train,2601,0.583333,0
counterspeech_text,2078,validation,train,2444,0.533333,0
counterspeech_text,2103,validation,train,2129,0.750000,1
counterspeech_text,2104,validation,train,1600,0.692308,0
counterspeech_text,2120,validation,train,1672,0.571429,0
counterspeech_text,2121,validation,train,1804,0.562500,0
counterspeech_text,2124,validation,train,2561,0.583333,0
counterspeech_text,2141,validation,train,2050,0.333333,0
counterspeech_text,2150,validation,train,1779,0.692308,0
counterspeech_text,2160,validation,train,1929,0.615385,0
counterspeech_text,2172,validation,train,1773,0.625000,0
counterspeech_text,2173,validation,train,2893,0.600000,0
counterspeech_text,2176,validation,train,1539,0.666667,0
counterspeech_text,2182,validation,train,2799,0.600000,0
counterspeech_text,2187,validation,train,2164,0.642857,0
counterspeech_text,2234,validation,train,1894,0.666667,0
counterspeech_text,2239,validation,train,2502,0.222222,0
counterspeech_text,2242,validation,train,2318,0.500000,0
counterspeech_text,2244,validation,train,1618,0.263158,0
counterspeech_text,2245,validation,train,2570,0.571429,0
counterspeech_text,2247,validation,train,1720,0.642857,0
counterspeech_text,2250,validation,train,2808,0.562500,0
counterspeech_text,2257,validation,train,2631,0.529412,0
counterspeech_text,2263,validation,train,2920,0.461538,0
counterspeech_text,2264,validation,train,2088,0.714286,1
counterspeech_text,2314,validation,train,2494,0.666667,0
counterspeech_text,2316,validation,train,2935,0.625000,0
counterspeech_text,2319,validation,train,1736,0.714286,1
counterspeech_text,2320,validation,train,2938,0.562500,0
counterspeech_text,2351,validation,train,2516,0.615385,0
counterspeech_text,2359,validation,train,2275,0.571429,0
counterspeech_text,2365,validation,train,2332,0.571429,0
counterspeech_text,2367,validation,train,1824,0.533333,0
counterspeech_text,2375,validation,train,1516,0.466667,0
counterspeech_text,2379,validation,train,1811,0.642857,0
counterspeech_text,2382,validation,train,1589,0.583333,0
counterspeech_text,2385,validation,train,2186,0.538462,0
counterspeech_text,2397,validation,train,1900,0.437500,0
counterspeech_text,2399,validation,train,2518,0.666667,0
counterspeech_text,2415,validation,train,2221,0.583333,0
counterspeech_text,2423,validation,train,2698,0.666667,0
counterspeech_text,2435,validation,train,2251,0.615385,0
counterspeech_text,2462,validation,train,2540,0.615385,0
counterspeech_text,2468,validation,train,1674,0.666667,0
counterspeech_text,2481,validation,train,2395,0.470588,0
counterspeech_text,2500,validation,train,2570,0.533333,0
counterspeech_text,2501,validation,train,1765,0.562500,0
counterspeech_text,2511,validation,train,2596,0.615385,0
counterspeech_text,2515,validation,train,2485,0.538462,0
counterspeech_text,2550,validation,train,2644,0.562500,0
counterspeech_text,2552,validation,train,1602,0.625000,0
counterspeech_text,2564,validation,train,1559,0.600000,0
counterspeech_text,2576,validation,train,2303,0.562500,0
counterspeech_text,2603,validation,train,1947,0.583333,0
counterspeech_text,2604,validation,train,1596,0.428571,0
counterspeech_text,2611,validation,train,1980,0.615385,0
counterspeech_text,2638,validation,train,2332,0.615385,0
counterspeech_text,2648,validation,train,2445,0.625000,0
counterspeech_text,2656,validation,train,2952,0.600000,0
counterspeech_text,2663,validation,train,1844,0.533333,0
counterspeech_text,2670,validation,train,1653,0.615385,0
counterspeech_text,2688,validation,train,2291,0.642857,0
counterspeech_text,2692,validation,train,2742,0.500000,0
counterspeech_text,2697,validation,train,2163,0.642857,0
counterspeech_text,2700,validation,train,2296,0.666667,0
counterspeech_text,2714,validation,train,1640,0.600000,0
counterspeech_text,2744,validation,train,1654,0.625000,0
counterspeech_text,2764,validation,train,2895,0.666667,0
counterspeech_text,2767,validation,train,166,0.714286,1
counterspeech_text,2788,validation,train,2045,0.615385,0
counterspeech_text,2790,validation,train,2312,0.642857,0
counterspeech_text,2792,validation,train,2879,0.666667,0
counterspeech_text,2801,validation,train,1580,0.571429,0
counterspeech_text,2823,validation,train,2003,0.666667,0
counterspeech_text,2827,validation,train,2147,0.615385,0
counterspeech_text,2829,validation,train,2000,0.533333,0
counterspeech_text,2834,validation,train,1789,0.666667,0
counterspeech_text,2836,validation,train,2879,0.666667,0
counterspeech_text,2857,validation,train,1569,0.666667,0
counterspeech_text,2858,validation,train,2318,0.500000,0
counterspeech_text,2869,validation,train,2771,0.785714,1
counterspeech_text,2883,validation,train,2570,0.615385,0
counterspeech_text,2897,validation,train,2804,0.470588,0
counterspeech_text,2912,validation,train,1871,0.615385,0
counterspeech_text,2917,validation,train,2772,0.642857,0
counterspeech_text,2940,validation,train,1621,0.615385,0
counterspeech_text,2956,validation,train,1928,0.571429,0
counterspeech_text,2958,validation,train,2204,0.692308,0
counterspeech_text,2970,validation,train,1838,0.625000,0
counterspeech_text,2979,validation,train,2063,0.583333,0
counterspeech_text,2996,validation,train,2107,0.666667,0
counterspeech_text,3000,validation,train,2039,0.352941,0
counterspeech_text,3003,validation,train,2118,0.615385,0
counterspeech_text,3008,validation,train,1854,0.714286,1
counterspeech_text,1,test,train,2235,0.600000,0
counterspeech_text,23,test,train,502,0.666667,0
counterspeech_text,31,test,train,463,0.600000,0
counterspeech_text,44,test,train,1071,0.642857,0
counterspeech_text,45,test,train,825,0.642857,0
counterspeech_text,52,test,train,1713,0.600000,0
counterspeech_text,53,test,train,1263,0.470588,0
counterspeech_text,64,test,train,117,0.714286,1
counterspeech_text,68,test,train,173,0.714286,1
counterspeech_text,81,test,train,253,0.714286,1
counterspeech_text,89,test,train,1335,0.642857,0
counterspeech_text,103,test,train,62,0.714286,1
counterspeech_text,112,test,train,1456,0.666667,0
counterspeech_text,121,test,train,518,0.600000,0
counterspeech_text,125,test,train,1567,0.600000,0
counterspeech_text,135,test,train,971,0.437500,0
counterspeech_text,140,test,train,1272,0.583333,0
counterspeech_text,142,test,train,154,0.692308,0
counterspeech_text,153,test,train,158,0.600000,0
counterspeech_text,163,test,train,2721,0.666667,0
counterspeech_text,171,test,train,70,0.571429,0
counterspeech_text,174,test,train,124,0.600000,0
counterspeech_text,175,test,train,249,0.625000,0
counterspeech_text,178,test,train,1489,0.500000,0
counterspeech_text,184,test,train,118,0.642857,0
counterspeech_text,185,test,train,1203,0.461538,0
counterspeech_text,193,test,train,118,0.666667,0
counterspeech_text,204,test,train,1334,0.533333,0
counterspeech_text,211,test,train,223,0.529412,0
counterspeech_text,219,test,train,474,0.500000,0
counterspeech_text,228,test,train,1504,0.666667,0
counterspeech_text,234,test,train,1341,0.466667,0
counterspeech_text,240,test,train,859,0.615385,0
counterspeech_text,255,test,train,1013,0.615385,0
counterspeech_text,257,test,train,985,0.642857,0
counterspeech_text,258,test,train,1285,0.375000,0
counterspeech_text,267,test,train,1108,0.538462,0
counterspeech_text,284,test,train,2539,0.666667,0
counterspeech_text,290,test,train,1058,0.615385,0
counterspeech_text,299,test,train,1471,0.500000,0
counterspeech_text,300,test,train,1296,0.666667,0
counterspeech_text,310,test,train,721,0.529412,0
counterspeech_text,314,test,train,77,0.466667,0
counterspeech_text,322,test,train,1209,0.500000,0
counterspeech_text,325,test,train,1494,0.692308,0
counterspeech_text,333,test,train,1302,0.714286,1
counterspeech_text,344,test,train,792,0.571429,0
counterspeech_text,355,test,train,328,0.571429,0
counterspeech_text,366,test,train,2539,0.666667,0
counterspeech_text,367,test,train,1355,0.692308,0
counterspeech_text,388,test,train,115,0.600000,0
counterspeech_text,394,test,train,1297,0.666667,0
counterspeech_text,403,test,train,1368,0.500000,0
counterspeech_text,408,test,train,1119,0.529412,0
counterspeech_text,409,test,train,281,0.615385,0
counterspeech_text,411,test,train,1032,0.615385,0
counterspeech_text,412,test,train,1406,0.714286,1
counterspeech_text,416,test,train,1370,0.533333,0
counterspeech_text,417,test,train,764,0.625000,0
counterspeech_text,421,test,train,520,0.642857,0
counterspeech_text,424,test,train,929,0.533333,0
counterspeech_text,433,test,train,716,0.470588,0
counterspeech_text,437,test,train,365,0.411765,0
counterspeech_text,440,test,train,554,0.692308,0
counterspeech_text,450,test,train,445,0.666667,0
counterspeech_text,451,test,train,748,0.600000,0
counterspeech_text,479,test,train,553,0.625000,0
counterspeech_text,480,test,train,722,0.600000,0
counterspeech_text,496,test,train,1315,0.466667,0
counterspeech_text,499,test,train,1469,0.533333,0
counterspeech_text,507,test,train,1382,0.600000,0
counterspeech_text,508,test,train,2800,0.666667,0
counterspeech_text,528,test,train,1216,0.714286,1
counterspeech_text,529,test,train,525,0.538462,0
counterspeech_text,533,test,train,172,0.714286,1
counterspeech_text,545,test,train,1240,0.666667,0
counterspeech_text,558,test,train,1305,0.583333,0
counterspeech_text,565,test,train,1415,0.533333,0
counterspeech_text,566,test,train,1410,0.470588,0
counterspeech_text,569,test,train,564,0.642857,0
counterspeech_text,582,test,train,817,0.411765,0
counterspeech_text,600,test,train,152,0.666667,0
counterspeech_text,602,test,train,1185,0.388889,0
counterspeech_text,603,test,train,372,0.411765,0
counterspeech_text,611,test,train,981,0.500000,0
counterspeech_text,643,test,train,1149,0.562500,0
counterspeech_text,651,test,train,859,0.583333,0
counterspeech_text,652,test,train,786,0.615385,0
counterspeech_text,677,test,train,335,0.470588,0
counterspeech_text,679,test,train,786,0.571429,0
counterspeech_text,680,test,train,1051,0.411765,0
counterspeech_text,683,test,train,1009,0.692308,0
counterspeech_text,696,test,train,968,0.562500,0
counterspeech_text,728,test,train,377,0.733333,1
counterspeech_text,747,test,train,1005,0.666667,0
counterspeech_text,760,test,train,676,0.714286,1
counterspeech_text,766,test,train,1029,0.642857,0
counterspeech_text,768,test,train,354,0.562500,0
counterspeech_text,777,test,train,961,0.714286,1
counterspeech_text,782,test,train,1148,0.538462,0
counterspeech_text,799,test,train,306,0.600000,0
counterspeech_text,808,test,train,949,0.733333,1
counterspeech_text,811,test,train,888,0.625000,0
counterspeech_text,813,test,train,894,0.625000,0
counterspeech_text,818,test,train,580,0.666667,0
counterspeech_text,820,test,train,1181,0.625000,0
counterspeech_text,832,test,train,1100,0.411765,0
counterspeech_text,846,test,train,91,0.400000,0
counterspeech_text,860,test,train,1247,0.533333,0
counterspeech_text,875,test,train,1473,0.533333,0
counterspeech_text,880,test,train,1381,0.733333,1
counterspeech_text,890,test,train,1486,0.642857,0
counterspeech_text,901,test,train,716,0.571429,0
counterspeech_text,913,test,train,511,0.666667,0
counterspeech_text,931,test,train,924,0.500000,0
counterspeech_text,941,test,train,645,0.500000,0
counterspeech_text,946,test,train,1257,0.642857,0
counterspeech_text,950,test,train,1310,0.583333,0
counterspeech_text,953,test,train,948,0.500000,0
counterspeech_text,963,test,train,1050,0.461538,0
counterspeech_text,965,test,train,359,0.571429,0
counterspeech_text,966,test,train,100,0.615385,0
counterspeech_text,991,test,train,1071,0.600000,0
counterspeech_text,999,test,train,1940,0.600000,0
counterspeech_text,1002,test,train,944,0.500000,0
counterspeech_text,1042,test,train,1162,0.600000,0
counterspeech_text,1049,test,train,1471,0.461538,0
counterspeech_text,1056,test,train,908,0.714286,1
counterspeech_text,1079,test,train,1373,0.533333,0
counterspeech_text,1090,test,train,36,0.571429,0
counterspeech_text,1092,test,train,1132,0.437500,0
counterspeech_text,1095,test,train,1334,0.692308,0
counterspeech_text,1104,test,train,1299,0.692308,0
counterspeech_text,1114,test,train,1448,0.692308,0
counterspeech_text,1124,test,train,1127,0.562500,0
counterspeech_text,1134,test,train,1206,0.466667,0
counterspeech_text,1178,test,train,1143,0.571429,0
counterspeech_text,1179,test,train,1025,0.642857,0
counterspeech_text,1197,test,train,1290,0.500000,0
counterspeech_text,1212,test,train,596,0.615385,0
counterspeech_text,1217,test,train,107,0.666667,0
counterspeech_text,1222,test,train,93,0.666667,0
counterspeech_text,1229,test,train,762,0.642857,0
counterspeech_text,1230,test,train,775,0.642857,0
counterspeech_text,1231,test,train,1150,0.181818,0
counterspeech_text,1237,test,train,984,0.666667,0
counterspeech_text,1238,test,train,1383,0.642857,0
counterspeech_text,1243,test,train,576,0.538462,0
counterspeech_text,1252,test,train,1315,0.642857,0
counterspeech_text,1264,test,train,1482,0.562500,0
counterspeech_text,1271,test,train,1309,0.466667,0
counterspeech_text,1273,test,train,1112,0.562500,0
counterspeech_text,1284,test,train,1538,0.625000,0
counterspeech_text,1308,test,train,93,0.571429,0
counterspeech_text,1318,test,train,1274,0.600000,0
counterspeech_text,1323,test,train,2113,0.285714,0
counterspeech_text,1338,test,train,61,0.625000,0
counterspeech_text,1344,test,train,694,0.529412,0
counterspeech_text,1346,test,train,1247,0.642857,0
counterspeech_text,1360,test,train,1144,0.571429,0
counterspeech_text,1362,test,train,937,0.500000,0
counterspeech_text,1363,test,train,1450,0.428571,0
counterspeech_text,1367,test,train,879,0.411765,0
counterspeech_text,1371,test,train,837,0.533333,0
counterspeech_text,1375,test,train,1409,0.533333,0
counterspeech_text,1376,test,train,1374,0.666667,0
counterspeech_text,1414,test,train,994,0.615385,0
counterspeech_text,1423,test,train,402,0.571429,0
counterspeech_text,1428,test,train,976,0.411765,0
counterspeech_text,1449,test,train,1301,0.533333,0
counterspeech_text,1454,test,train,282,0.400000,0
counterspeech_text,1458,test,train,173,0.500000,0
counterspeech_text,1463,test,train,658,0.666667,0
counterspeech_text,1466,test,train,1225,0.692308,0
counterspeech_text,1468,test,train,364,0.642857,0
counterspeech_text,1477,test,train,276,0.642857,0
counterspeech_text,1484,test,train,575,0.666667,0
counterspeech_text,1487,test,train,1290,0.437500,0
counterspeech_text,1508,test,train,1520,0.411765,0
counterspeech_text,1510,test,train,2228,0.533333,0
counterspeech_text,1519,test,train,1811,0.533333,0
counterspeech_text,1545,test,train,2582,0.411765,0
counterspeech_text,1565,test,train,1894,0.666667,0
counterspeech_text,1577,test,train,2026,0.466667,0
counterspeech_text,1587,test,train,2962,0.562500,0
counterspeech_text,1592,test,train,2000,0.437500,0
counterspeech_text,1627,test,train,2676,0.692308,0
counterspeech_text,1629,test,train,1974,0.642857,0
counterspeech_text,1643,test,train,2768,0.642857,0
counterspeech_text,1652,test,train,2766,0.642857,0
counterspeech_text,1675,test,train,1848,0.312500,0
counterspeech_text,1703,test,train,2623,0.666667,0
counterspeech_text,1712,test,train,1590,0.571429,0
counterspeech_text,1724,test,train,2800,0.562500,0
counterspeech_text,1728,test,train,2020,0.437500,0
counterspeech_text,1738,test,train,1915,0.375000,0
counterspeech_text,1743,test,train,2596,0.500000,0
counterspeech_text,1745,test,train,2306,0.294118,0
counterspeech_text,1763,test,train,2058,0.562500,0
counterspeech_text,1764,test,train,2718,0.642857,0
counterspeech_text,1778,test,train,66,0.388889,0
counterspeech_text,1781,test,train,2061,0.583333,0
counterspeech_text,1790,test,train,2729,0.500000,0
counterspeech_text,1799,test,train,2279,0.714286,1
counterspeech_text,1812,test,train,1537,0.666667,0
counterspeech_text,1836,test,train,2002,0.666667,0
counterspeech_text,1840,test,train,2791,0.625000,0
counterspeech_text,1851,test,train,131,0.500000,0
counterspeech_text,1862,test,train,2165,0.500000,0
counterspeech_text,1870,test,train,2360,0.714286,1
counterspeech_text,1872,test,train,1798,0.714286,1
counterspeech_text,1877,test,train,2526,0.562500,0
counterspeech_text,1922,test,train,2195,0.625000,0
counterspeech_text,1942,test,train,2480,0.600000,0
counterspeech_text,1949,test,train,2318,0.600000,0
counterspeech_text,1955,test,train,1665,0.666667,0
counterspeech_text,1957,test,train,1567,0.600000,0
counterspeech_text,1972,test,train,2445,0.625000,0
counterspeech_text,1979,test,train,2756,0.615385,0
counterspeech_text,1988,test,train,1696,0.437500,0
counterspeech_text,2008,test,train,1985,0.625000,0
counterspeech_text,2029,test,train,1737,0.642857,0
counterspeech_text,2041,test,train,2607,0.666667,0
counterspeech_text,2060,test,train,2018,0.615385,0
counterspeech_text,2081,test,train,1944,0.571429,0
counterspeech_text,2084,test,train,1839,0.692308,0
counterspeech_text,2087,test,train,2205,0.666667,0
counterspeech_text,2092,test,train,2102,0.571429,0
counterspeech_text,2105,test,train,1855,0.750000,1
counterspeech_text,2108,test,train,1641,0.666667,0
counterspeech_text,2115,test,train,1520,0.562500,0
counterspeech_text,2162,test,train,2128,0.642857,0
counterspeech_text,2178,test,train,2488,0.562500,0
counterspeech_text,2188,test,train,2010,0.666667,0
counterspeech_text,2190,test,train,2622,0.562500,0
counterspeech_text,2191,test,train,2026,0.428571,0
counterspeech_text,2203,test,train,2381,0.600000,0
counterspeech_text,2213,test,train,2614,0.562500,0
counterspeech_text,2216,test,train,2211,0.615385,0
counterspeech_text,2243,test,train,2349,0.615385,0
counterspeech_text,2249,test,train,2303,0.666667,0
counterspeech_text,2269,test,train,2667,0.500000,0
counterspeech_text,2277,test,train,2665,0.600000,0
counterspeech_text,2281,test,train,2153,0.500000,0
counterspeech_text,2284,test,train,2425,0.529412,0
counterspeech_text,2293,test,train,2004,0.615385,0
counterspeech_text,2300,test,train,2207,0.625000,0
counterspeech_text,2317,test,train,2809,0.571429,0
counterspeech_text,2324,test,train,2489,0.583333,0
counterspeech_text,2341,test,train,2777,0.615385,0
counterspeech_text,2373,test,train,1771,0.642857,0
counterspeech_text,2376,test,train,2032,0.615385,0
counterspeech_text,2401,test,train,2998,0.533333,0
counterspeech_text,2403,test,train,2726,0.466667,0
counterspeech_text,2413,test,train,2864,0.538462,0
counterspeech_text,2416,test,train,2211,0.666667,0
counterspeech_text,2439,test,train,2326,0.642857,0
counterspeech_text,2454,test,train,1771,0.714286,1
counterspeech_text,2457,test,train,1609,0.642857,0
counterspeech_text,2463,test,train,1584,0.470588,0
counterspeech_text,2464,test,train,1830,0.642857,0
counterspeech_text,2482,test,train,1383,0.294118,0
counterspeech_text,2491,test,train,2262,0.692308,0
counterspeech_text,2496,test,train,2363,0.714286,1
counterspeech_text,2497,test,train,1929,0.571429,0
counterspeech_text,2527,test,train,2003,0.666667,0
counterspeech_text,2529,test,train,1648,0.642857,0
counterspeech_text,2541,test,train,2915,0.600000,0
counterspeech_text,2547,test,train,2782,0.769231,1
counterspeech_text,2556,test,train,2948,0.466667,0
counterspeech_text,2579,test,train,1993,0.714286,1
counterspeech_text,2581,test,train,1524,0.600000,0
counterspeech_text,2602,test,train,2447,0.615385,0
counterspeech_text,2612,test,train,2000,0.411765,0
counterspeech_text,2642,test,train,2995,0.571429,0
counterspeech_text,2645,test,train,2855,0.666667,0
counterspeech_text,2647,test,train,1842,0.642857,0
counterspeech_text,2651,test,train,2990,0.615385,0
counterspeech_text,2674,test,train,861,0.714286,1
counterspeech_text,2689,test,train,268,0.600000,0
counterspeech_text,2699,test,train,1509,0.571429,0
counterspeech_text,2717,test,train,2607,0.666667,0
counterspeech_text,2734,test,train,2204,0.692308,0
counterspeech_text,2739,test,train,1580,0.600000,0
counterspeech_text,2763,test,train,2450,0.666667,0
counterspeech_text,2773,test,train,2238,0.692308,0
counterspeech_text,2787,test,train,1517,0.692308,0
counterspeech_text,2822,test,train,2027,0.642857,0
counterspeech_text,2835,test,train,2099,0.666667,0
counterspeech_text,2844,test,train,1928,0.692308,0
counterspeech_text,2862,test,train,1672,0.615385,0
counterspeech_text,2872,test,train,2091,0.714286,1
counterspeech_text,2873,test,train,1811,0.642857,0
counterspeech_text,2891,test,train,2332,0.466667,0
counterspeech_text,2894,test,train,2566,0.615385,0
counterspeech_text,2901,test,train,2211,0.692308,0
counterspeech_text,2907,test,train,1654,0.666667,0
counterspeech_text,2930,test,train,2286,0.500000,0
counterspeech_text,2941,test,train,2062,0.333333,0
counterspeech_text,2959,test,train,2586,0.437500,0
counterspeech_text,2975,test,train,2251,0.692308,0
counterspeech_text,2993,test,train,2034,0.733333,1
counterspeech_text,1,test,validation,461,0.263158,0
counterspeech_text,23,test,validation,1287,0.388889,0
counterspeech_text,31,test,validation,88,0.600000,0
counterspeech_text,44,test,validation,1115,0.315789,0
counterspeech_text,45,test,validation,790,0.315789,0
counterspeech_text,52,test,validation,247,0.411765,0
counterspeech_text,53,test,validation,1279,0.437500,0
counterspeech_text,64,test,validation,189,0.315789,0
counterspeech_text,68,test,validation,46,0.277778,0
counterspeech_text,81,test,validation,46,0.437500,0
counterspeech_text,89,test,validation,487,0.333333,0
counterspeech_text,103,test,validation,46,0.277778,0
counterspeech_text,112,test,validation,622,0.444444,0
counterspeech_text,121,test,validation,169,0.263158,0
counterspeech_text,125,test,validation,169,0.411765,0
counterspeech_text,135,test,validation,1396,0.466667,0
counterspeech_text,140,test,validation,8,0.583333,0
counterspeech_text,142,test,validation,434,0.315789,0
counterspeech_text,153,test,validation,434,0.714286,1
counterspeech_text,163,test,validation,169,0.388889,0
counterspeech_text,171,test,validation,773,0.333333,0
counterspeech_text,174,test,validation,247,0.411765,0
counterspeech_text,175,test,validation,136,0.714286,1
counterspeech_text,178,test,validation,706,0.222222,0
counterspeech_text,184,test,validation,784,0.500000,0
counterspeech_text,185,test,validation,458,0.400000,0
counterspeech_text,193,test,validation,784,0.625000,0
counterspeech_text,204,test,validation,1424,0.333333,0
counterspeech_text,211,test,validation,1245,0.086957,0
counterspeech_text,219,test,validation,169,0.600000,0
counterspeech_text,228,test,validation,1433,0.444444,0
counterspeech_text,234,test,validation,830,0.466667,0
counterspeech_text,240,test,validation,315,0.615385,0
counterspeech_text,255,test,validation,368,0.466667,0
counterspeech_text,257,test,validation,368,0.375000,0
counterspeech_text,258,test,validation,686,0.230769,0
counterspeech_text,267,test,validation,613,0.400000,0
counterspeech_text,284,test,validation,109,0.625000,0
counterspeech_text,290,test,validation,212,0.428571,0
counterspeech_text,299,test,validation,795,0.187500,0
counterspeech_text,300,test,validation,534,0.529412,0
counterspeech_text,310,test,validation,1101,0.333333,0
counterspeech_text,314,test,validation,1011,0.312500,0
counterspeech_text,322,test,validation,1004,0.352941,0
counterspeech_text,325,test,validation,369,0.388889,0
counterspeech_text,333,test,validation,1085,0.200000,0
counterspeech_text,344,test,validation,1438,0.500000,0
counterspeech_text,355,test,validation,1006,0.533333,0
counterspeech_text,366,test,validation,109,0.529412,0
counterspeech_text,367,test,validation,595,0.538462,0
counterspeech_text,388,test,validation,94,0.500000,0
counterspeech_text,394,test,validation,1378,0.333333,0
counterspeech_text,403,test,validation,176,0.615385,0
counterspeech_text,408,test,validation,613,0.210526,0
counterspeech_text,409,test,validation,30,0.388889,0
counterspeech_text,411,test,validation,283,0.500000,0
counterspeech_text,412,test,validation,195,0.437500,0
counterspeech_text,416,test,validation,1004,0.411765,0
counterspeech_text,417,test,validation,1393,0.368421,0
counterspeech_text,421,test,validation,326,0.466667,0
counterspeech_text,424,test,validation,434,0.315789,0
counterspeech_text,433,test,validation,930,0.333333,0
counterspeech_text,437,test,validation,555,0.333333,0
counterspeech_text,440,test,validation,472,0.615385,0
counterspeech_text,450,test,validation,1430,0.529412,0
counterspeech_text,451,test,validation,2046,0.250000,0
counterspeech_text,479,test,validation,1011,0.210526,0
counterspeech_text,480,test,validation,1062,0.352941,0
counterspeech_text,496,test,validation,671,0.352941,0
counterspeech_text,499,test,validation,773,0.500000,0
counterspeech_text,507,test,validation,606,0.368421,0
counterspeech_text,508,test,validation,461,0.250000,0
counterspeech_text,528,test,validation,638,0.375000,0
counterspeech_text,529,test,validation,681,0.263158,0
counterspeech_text,533,test,validation,71,0.411765,0
counterspeech_text,545,test,validation,352,0.411765,0
counterspeech_text,558,test,validation,606,0.352941,0
counterspeech_text,565,test,validation,323,0.333333,0
counterspeech_text,566,test,validation,1038,0.200000,0
counterspeech_text,569,test,validation,930,0.352941,0
counterspeech_text,582,test,validation,2264,0.263158,0
counterspeech_text,600,test,validation,176,0.411765,0
counterspeech_text,602,test,validation,2511,0.277778,0
counterspeech_text,603,test,validation,1012,0.437500,0
counterspeech_text,611,test,validation,757,0.388889,0
counterspeech_text,643,test,validation,369,0.388889,0
counterspeech_text,651,test,validation,692,0.400000,0
counterspeech_text,652,test,validation,472,0.538462,0
counterspeech_text,677,test,validation,512,0.470588,0
counterspeech_text,679,test,validation,472,0.312500,0
counterspeech_text,680,test,validation,1462,0.411765,0
counterspeech_text,683,test,validation,150,0.437500,0
counterspeech_text,696,test,validation,1403,0.529412,0
counterspeech_text,728,test,validation,46,0.411765,0
counterspeech_text,747,test,validation,145,0.538462,0
counterspeech_text,760,test,validation,765,0.562500,0
counterspeech_text,766,test,validation,8,0.538462,0
counterspeech_text,768,test,validation,1245,0.250000,0
counterspeech_text,777,test,validation,136,0.466667,0
counterspeech_text,782,test,validation,730,0.461538,0
counterspeech_text,799,test,validation,671,0.333333,0
counterspeech_text,808,test,validation,1011,0.210526,0
counterspeech_text,811,test,validation,74,0.250000,0
counterspeech_text,813,test,validation,487,0.250000,0
counterspeech_text,818,test,validation,458,0.315789,0
counterspeech_text,820,test,validation,464,0.150000,0
counterspeech_text,832,test,validation,848,0.263158,0
counterspeech_text,846,test,validation,742,0.357143,0
counterspeech_text,860,test,validation,1393,0.315789,0
counterspeech_text,875,test,validation,595,0.466667,0
counterspeech_text,880,test,validation,444,0.411765,0
counterspeech_text,890,test,validation,458,0.411765,0
counterspeech_text,901,test,validation,872,0.692308,0
counterspeech_text,913,test,validation,1424,0.250000,0
counterspeech_text,931,test,validation,1118,0.388889,0
counterspeech_text,941,test,validation,486,0.388889,0
counterspeech_text,946,test,validation,1107,0.642857,0
counterspeech_text,950,test,validation,730,0.307692,0
counterspeech_text,953,test,validation,928,0.400000,0
counterspeech_text,963,test,validation,1026,0.333333,0
counterspeech_text,965,test,validation,791,0.466667,0
counterspeech_text,966,test,validation,415,0.428571,0
counterspeech_text,991,test,validation,1019,0.315789,0
counterspeech_text,999,test,validation,1850,0.250000,0
counterspeech_text,1002,test,validation,701,0.352941,0
counterspeech_text,1042,test,validation,472,0.222222,0
counterspeech_text,1049,test,validation,622,0.277778,0
counterspeech_text,1056,test,validation,369,0.368421,0
counterspeech_text,1079,test,validation,830,0.352941,0
counterspeech_text,1090,test,validation,1019,0.437500,0
counterspeech_text,1092,test,validation,1433,0.250000,0
counterspeech_text,1095,test,validation,434,0.500000,0
counterspeech_text,1104,test,validation,473,0.437500,0
counterspeech_text,1114,test,validation,1201,0.437500,0
counterspeech_text,1124,test,validation,1012,0.263158,0
counterspeech_text,1134,test,validation,870,0.461538,0
counterspeech_text,1178,test,validation,1011,0.157895,0
counterspeech_text,1179,test,validation,671,0.411765,0
counterspeech_text,1197,test,validation,323,0.315789,0
counterspeech_text,1212,test,validation,701,0.411765,0
counterspeech_text,1217,test,validation,1422,0.411765,0
counterspeech_text,1222,test,validation,434,0.533333,0
counterspeech_text,1229,test,validation,928,0.222222,0
counterspeech_text,1230,test,validation,1424,0.411765,0
counterspeech_text,1231,test,validation,686,0.166667,0
counterspeech_text,1237,test,validation,555,0.333333,0
counterspeech_text,1238,test,validation,1091,0.312500,0
counterspeech_text,1243,test,validation,606,0.411765,0
counterspeech_text,1252,test,validation,671,0.411765,0
counterspeech_text,1264,test,validation,671,0.411765,0
counterspeech_text,1271,test,validation,323,0.352941,0
counterspeech_text,1273,test,validation,1115,0.368421,0
counterspeech_text,1284,test,validation,222,0.411765,0
counterspeech_text,1308,test,validation,1424,0.411765,0
counterspeech_text,1318,test,validation,1245,0.533333,0
counterspeech_text,1323,test,validation,2382,0.214286,0
counterspeech_text,1338,test,validation,8,0.437500,0
counterspeech_text,1344,test,validation,1019,0.190476,0
counterspeech_text,1346,test,validation,323,0.411765,0
counterspeech_text,1360,test,validation,33,0.533333,0
counterspeech_text,1362,test,validation,980,0.461538,0
counterspeech_text,1363,test,validation,74,0.375000,0
counterspeech_text,1367,test,validation,872,0.470588,0
counterspeech_text,1371,test,validation,1424,0.333333,0
counterspeech_text,1375,test,validation,1201,0.222222,0
counterspeech_text,1376,test,validation,1006,0.411765,0
counterspeech_text,1414,test,validation,195,0.352941,0
counterspeech_text,1423,test,validation,1117,0.250000,0
counterspeech_text,1428,test,validation,795,0.294118,0
counterspeech_text,1449,test,validation,1205,0.388889,0
counterspeech_text,1454,test,validation,1000,0.357143,0
counterspeech_text,1458,test,validation,461,0.263158,0
counterspeech_text,1463,test,validation,790,0.250000,0
counterspeech_text,1466,test,validation,1378,0.294118,0
counterspeech_text,1468,test,validation,1430,0.411765,0
counterspeech_text,1477,test,validation,1393,0.200000,0
counterspeech_text,1484,test,validation,555,0.333333,0
counterspeech_text,1487,test,validation,1393,0.388889,0
counterspeech_text,1508,test,validation,2172,0.200000,0
counterspeech_text,1510,test,validation,1642,0.294118,0
counterspeech_text,1519,test,validation,2379,0.500000,0
counterspeech_text,1545,test,validation,2257,0.315789,0
counterspeech_text,1565,test,validation,2234,0.625000,0
counterspeech_text,1577,test,validation,2688,0.263158,0
counterspeech_text,1587,test,validation,2656,0.411765,0
counterspeech_text,1592,test,validation,2564,0.411765,0
counterspeech_text,1627,test,validation,2670,0.642857,0
counterspeech_text,1629,test,validation,1813,0.533333,0
counterspeech_text,1643,test,validation,2172,0.666667,0
counterspeech_text,1652,test,validation,2552,0.562500,0
counterspeech_text,1675,test,validation,2023,0.111111,0
counterspeech_text,1703,test,validation,2104,0.533333,0
counterspeech_text,1712,test,validation,30,0.263158,0
counterspeech_text,1724,test,validation,1065,0.200000,0
counterspeech_text,1728,test,validation,1875,0.437500,0
counterspeech_text,1738,test,validation,2790,0.222222,0
counterspeech_text,1743,test,validation,2511,0.333333,0
counterspeech_text,1745,test,validation,2244,0.375000,0
counterspeech_text,1763,test,validation,1938,0.444444,0
counterspeech_text,1764,test,validation,1919,0.437500,0
counterspeech_text,1778,test,validation,1761,0.529412,0
counterspeech_text,1781,test,validation,1780,0.200000,0
counterspeech_text,1790,test,validation,2120,0.470588,0
counterspeech_text,1799,test,validation,2121,0.300000,0
counterspeech_text,1812,test,validation,2940,0.533333,0
counterspeech_text,1836,test,validation,2319,0.368421,0
counterspeech_text,1840,test,validation,2790,0.333333,0
counterspeech_text,1851,test,validation,247,0.263158,0
counterspeech_text,1862,test,validation,1622,0.600000,0
counterspeech_text,1870,test,validation,1770,0.666667,0
counterspeech_text,1872,test,validation,2656,0.466667,0
counterspeech_text,1877,test,validation,1619,0.666667,0
counterspeech_text,1922,test,validation,1564,0.388889,0
counterspeech_text,1942,test,validation,1770,0.411765,0
counterspeech_text,1949,test,validation,2500,0.411765,0
counterspeech_text,1955,test,validation,2379,0.500000,0
counterspeech_text,1957,test,validation,1101,0.210526,0
counterspeech_text,1972,test,validation,2648,0.625000,0
counterspeech_text,1979,test,validation,1919,0.277778,0
counterspeech_text,1988,test,validation,1438,0.400000,0
counterspeech_text,2008,test,validation,2104,0.411765,0
counterspeech_text,2029,test,validation,1967,0.562500,0
counterspeech_text,2041,test,validation,2697,0.600000,0
counterspeech_text,2060,test,validation,2023,0.333333,0
counterspeech_text,2081,test,validation,2515,0.615385,0
counterspeech_text,2084,test,validation,1813,0.411765,0
counterspeech_text,2087,test,validation,2423,0.388889,0
counterspeech_text,2092,test,validation,1952,0.500000,0
counterspeech_text,2105,test,validation,1986,0.411765,0
counterspeech_text,2108,test,validation,2917,0.500000,0
counterspeech_text,2115,test,validation,2172,0.250000,0
counterspeech_text,2162,test,validation,2435,0.352941,0
counterspeech_text,2178,test,validation,2550,0.368421,0
counterspeech_text,2188,test,validation,2688,0.315789,0
counterspeech_text,2190,test,validation,2121,0.315789,0
counterspeech_text,2191,test,validation,2511,0.461538,0
counterspeech_text,2203,test,validation,1742,0.411765,0
counterspeech_text,2213,test,validation,1768,0.571429,0
counterspeech_text,2216,test,validation,1619,0.437500,0
counterspeech_text,2243,test,validation,2827,0.400000,0
counterspeech_text,2249,test,validation,2688,0.529412,0
counterspeech_text,2269,test,validation,2385,0.400000,0
counterspeech_text,2277,test,validation,2550,0.388889,0
counterspeech_text,2281,test,validation,1926,0.437500,0
counterspeech_text,2284,test,validation,2397,0.250000,0
counterspeech_text,2293,test,validation,1566,0.375000,0
counterspeech_text,2300,test,validation,1622,0.562500,0
counterspeech_text,2317,test,validation,1608,0.375000,0
counterspeech_text,2324,test,validation,1952,0.583333,0
counterspeech_text,2341,test,validation,2940,0.437500,0
counterspeech_text,2373,test,validation,195,0.333333,0
counterspeech_text,2376,test,validation,2013,0.333333,0
counterspeech_text,2401,test,validation,2023,0.222222,0
counterspeech_text,2403,test,validation,176,0.210526,0
counterspeech_text,2413,test,validation,2603,0.357143,0
counterspeech_text,2416,test,validation,2611,0.538462,0
counterspeech_text,2439,test,validation,2182,0.263158,0
counterspeech_text,2454,test,validation,2688,0.368421,0
counterspeech_text,2457,test,validation,2857,0.562500,0
counterspeech_text,2463,test,validation,1926,0.411765,0
counterspeech_text,2464,test,validation,1967,0.388889,0
counterspeech_text,2482,test,validation,1136,0.187500,0
counterspeech_text,2491,test,validation,1770,0.411765,0
counterspeech_text,2496,test,validation,2940,0.571429,0
counterspeech_text,2497,test,validation,1566,0.533333,0
counterspeech_text,2527,test,validation,2823,0.625000,0
counterspeech_text,2529,test,validation,1952,0.466667,0
counterspeech_text,2541,test,validation,2399,0.411765,0
counterspeech_text,2547,test,validation,1986,0.470588,0
counterspeech_text,2556,test,validation,2511,0.312500,0
counterspeech_text,2579,test,validation,2379,0.533333,0
counterspeech_text,2581,test,validation,1911,0.470588,0
counterspeech_text,2602,test,validation,2121,0.333333,0
counterspeech_text,2612,test,validation,2564,0.388889,0
counterspeech_text,2642,test,validation,2351,0.500000,0
counterspeech_text,2645,test,validation,57,0.200000,0
counterspeech_text,2647,test,validation,1938,0.562500,0
counterspeech_text,2651,test,validation,2688,0.333333,0
counterspeech_text,2674,test,validation,1833,0.600000,0
counterspeech_text,2689,test,validation,461,0.500000,0
counterspeech_text,2699,test,validation,2351,0.400000,0
counterspeech_text,2717,test,validation,2697,0.500000,0
counterspeech_text,2734,test,validation,2958,0.600000,0
counterspeech_text,2739,test,validation,2801,0.571429,0
counterspeech_text,2763,test,validation,2550,0.562500,0
counterspeech_text,2773,test,validation,1912,0.600000,0
counterspeech_text,2787,test,validation,2247,0.500000,0
counterspeech_text,2822,test,validation,2917,0.571429,0
counterspeech_text,2835,test,validation,2021,0.529412,0
counterspeech_text,2844,test,validation,2956,0.466667,0
counterspeech_text,2862,test,validation,2120,0.533333,0
counterspeech_text,2872,test,validation,1564,0.411765,0
counterspeech_text,2873,test,validation,2379,0.600000,0
counterspeech_text,2891,test,validation,2638,0.500000,0
counterspeech_text,2894,test,validation,2351,0.538462,0
counterspeech_text,2901,test,validation,1903,0.571429,0
counterspeech_text,2907,test,validation,2744,0.666667,0
counterspeech_text,2930,test,validation,2242,0.500000,0
counterspeech_text,2941,test,validation,2912,0.250000,0
counterspeech_text,2959,test,validation,1642,0.571429,0
counterspeech_text,2975,test,validation,2697,0.600000,0
counterspeech_text,2993,test,validation,1726,0.625000,0
