prediction_row_number_1_based,dataset_id,partition
1,1,test
2,1197,test
3,499,test
4,1872,test
5,267,test
6,2277,test
7,683,test
8,1790,test
9,1049,test
10,2647,test
11,64,test
12,2281,test
13,193,test
14,2216,test
15,417,test
16,1090,test
17,1179,test
18,913,test
19,68,test
20,2556,test
21,409,test
22,394,test
23,2844,test
24,1675,test
25,931,test
26,310,test
27,1508,test
28,1565,test
29,2029,test
30,112,test
31,2891,test
32,1338,test
33,1284,test
34,1178,test
35,1799,test
36,2497,test
37,1375,test
38,2739,test
39,2689,test
40,2529,test
41,901,test
42,1703,test
43,2401,test
44,366,test
45,45,test
46,480,test
47,545,test
48,1778,test
49,2547,test
50,1124,test
51,1745,test
52,1466,test
53,1712,test
54,2284,test
55,1643,test
56,2403,test
57,257,test
58,1323,test
59,204,test
60,2457,test
61,2930,test
62,1458,test
63,558,test
64,846,test
65,2491,test
66,451,test
67,820,test
68,1362,test
69,2376,test
70,2373,test
71,2081,test
72,799,test
73,2115,test
74,2717,test
75,44,test
76,880,test
77,1587,test
78,437,test
79,1222,test
80,234,test
81,2787,test
82,1252,test
83,1781,test
84,611,test
85,103,test
86,2941,test
87,1738,test
88,1360,test
89,643,test
90,890,test
91,81,test
92,1042,test
93,403,test
94,1237,test
95,2439,test
96,479,test
97,2213,test
98,813,test
99,2416,test
100,355,test
101,1972,test
102,991,test
103,2324,test
104,528,test
105,440,test
106,1363,test
107,1743,test
108,2645,test
109,508,test
110,1079,test
111,1764,test
112,2413,test
113,777,test
114,2300,test
115,416,test
116,946,test
117,240,test
118,811,test
119,258,test
120,411,test
121,2642,test
122,496,test
123,121,test
124,832,test
125,760,test
126,2008,test
127,211,test
128,31,test
129,768,test
130,2317,test
131,680,test
132,367,test
133,651,test
134,2975,test
135,1243,test
136,1812,test
137,175,test
138,569,test
139,766,test
140,2188,test
141,1592,test
142,125,test
143,2822,test
144,2341,test
145,1371,test
146,450,test
147,808,test
148,408,test
149,533,test
150,412,test
151,284,test
152,1229,test
153,1308,test
154,433,test
155,1463,test
156,2092,test
157,1487,test
158,219,test
159,2293,test
160,255,test
161,2243,test
162,300,test
163,1449,test
164,1104,test
165,1577,test
166,818,test
167,2162,test
168,178,test
169,2463,test
170,1988,test
171,89,test
172,1454,test
173,1629,test
174,747,test
175,153,test
176,1092,test
177,602,test
178,1942,test
179,507,test
180,1724,test
181,2190,test
182,1344,test
183,2579,test
184,421,test
185,2602,test
186,1414,test
187,1212,test
188,2464,test
189,1230,test
190,2108,test
191,171,test
192,23,test
193,52,test
194,1728,test
195,2862,test
196,963,test
197,1979,test
198,1238,test
199,135,test
200,782,test
201,1134,test
202,2060,test
203,2496,test
204,966,test
205,2763,test
206,163,test
207,140,test
208,2699,test
209,2872,test
210,1095,test
211,2482,test
212,1957,test
213,566,test
214,2203,test
215,529,test
216,860,test
217,344,test
218,728,test
219,2454,test
220,290,test
221,1271,test
222,388,test
223,2581,test
224,174,test
225,2105,test
226,1468,test
227,2087,test
228,1652,test
229,1922,test
230,965,test
231,1264,test
232,1114,test
233,1545,test
234,314,test
235,184,test
236,603,test
237,1231,test
238,2041,test
239,424,test
240,2084,test
241,2191,test
242,953,test
243,1002,test
244,1376,test
245,2734,test
246,1870,test
247,1217,test
248,600,test
249,2894,test
250,299,test
251,1346,test
252,2993,test
253,1877,test
254,1318,test
255,2901,test
256,1428,test
257,1851,test
258,1273,test
259,1627,test
260,2835,test
261,941,test
262,875,test
263,1955,test
264,2269,test
265,999,test
266,2541,test
267,2959,test
268,185,test
269,1056,test
270,325,test
271,565,test
272,333,test
273,1836,test
274,2249,test
275,1477,test
276,2651,test
277,1840,test
278,1510,test
279,2873,test
280,696,test
281,228,test
282,53,test
283,950,test
284,1484,test
285,1423,test
286,1519,test
287,1862,test
288,2612,test
289,2674,test
290,2773,test
291,142,test
292,2527,test
293,582,test
294,1367,test
295,322,test
296,1949,test
297,1763,test
298,652,test
299,2907,test
300,2178,test
301,679,test
302,677,test
