id,partition
1,test
2,train
3,train
4,train
5,train
6,train
7,train
8,validation
9,train
10,train
11,train
12,train
13,train
14,train
15,validation
16,train
17,train
18,train
19,train
20,train
21,train
22,train
23,test
24,train
25,train
26,train
27,train
28,train
29,train
30,validation
31,test
32,train
33,validation
34,train
35,train
36,train
37,train
38,train
39,train
40,train
41,train
42,train
43,train
44,test
45,test
46,validation
47,train
48,train
49,train
50,train
51,train
52,test
53,test
54,train
55,train
56,train
57,validation
58,train
59,train
60,train
61,train
62,train
63,train
64,test
65,train
66,train
67,train
68,test
69,train
70,train
71,validation
72,train
73,train
74,validation
75,train
76,train
77,train
78,train
79,train
80,train
81,test
82,train
83,train
84,train
85,train
86,train
87,train
88,validation
89,test
90,train
91,train
92,train
93,train
94,validation
95,train
96,train
97,validation
98,train
99,train
100,train
101,train
102,train
103,test
104,train
105,train
106,train
107,train
108,train
109,validation
110,train
111,train
112,test
113,train
114,train
115,train
116,train
117,train
118,train
119,train
120,train
121,test
122,train
123,train
124,train
125,test
126,train
127,train
128,train
129,train
130,train
131,train
132,train
133,train
134,train
135,test
136,validation
137,train
138,train
139,train
140,test
141,train
142,test
143,train
144,train
145,validation
146,train
147,train
148,train
149,train
150,validation
151,train
152,train
153,test
154,train
155,train
156,train
157,train
158,train
159,train
160,train
161,train
162,train
163,test
164,train
165,train
166,train
167,train
168,train
169,validation
170,train
171,test
172,train
173,train
174,test
175,test
176,validation
177,train
178,test
179,validation
180,train
181,train
182,train
183,train
184,test
185,test
186,train
187,train
188,train
189,validation
190,train
191,train
192,train
193,test
194,train
195,validation
196,train
197,validation
198,train
199,train
200,validation
201,train
202,train
203,train
204,test
205,train
206,train
207,train
208,train
209,train
210,train
211,test
212,validation
213,train
214,train
215,train
216,train
217,train
218,train
219,test
220,train
221,train
222,validation
223,train
224,train
225,train
226,train
227,train
228,test
229,train
230,train
231,train
232,validation
233,train
234,test
235,train
236,train
237,train
238,train
239,train
240,test
241,train
242,train
243,train
244,train
245,train
246,train
247,validation
248,train
249,train
250,train
251,train
252,validation
253,train
254,train
255,test
256,train
257,test
258,test
259,train
260,train
261,train
262,train
263,train
264,train
265,train
266,train
267,test
268,train
269,train
270,train
271,validation
272,train
273,validation
274,train
275,train
276,train
277,train
278,train
279,train
280,train
281,train
282,train
283,validation
284,test
285,train
286,train
287,train
288,train
289,train
290,test
291,train
292,validation
293,train
294,train
295,train
296,train
297,validation
298,train
299,test
300,test
301,train
302,train
303,train
304,train
305,train
306,train
307,train
308,train
309,train
310,test
311,train
312,train
313,train
314,test
315,validation
316,train
317,train
318,train
319,validation
320,train
321,train
322,test
323,validation
324,train
325,test
326,validation
327,train
328,train
329,train
330,train
331,train
332,validation
333,test
334,train
335,train
336,train
337,train
338,train
339,train
340,train
341,train
342,train
343,train
344,test
345,train
346,train
347,train
348,train
349,train
350,train
351,train
352,validation
353,train
354,train
355,test
356,train
357,train
358,train
359,train
360,train
361,train
362,train
363,train
364,train
365,train
366,test
367,test
368,validation
369,validation
370,train
371,train
372,train
373,train
374,train
375,train
376,train
377,train
378,train
379,train
380,train
381,train
382,train
383,train
384,train
385,train
386,train
387,train
388,test
389,train
390,train
391,train
392,train
393,train
394,test
395,train
396,train
397,train
398,train
399,train
400,train
401,train
402,train
403,test
404,train
405,train
406,train
407,train
408,test
409,test
410,train
411,test
412,test
413,train
414,train
415,validation
416,test
417,test
418,train
419,train
420,train
421,test
422,train
423,train
424,test
425,train
426,train
427,train
428,train
429,train
430,train
431,validation
432,train
433,test
434,validation
435,train
436,train
437,test
438,train
439,train
440,test
441,train
442,train
443,train
444,validation
445,train
446,train
447,train
448,train
449,train
450,test
451,test
452,train
453,train
454,train
455,train
456,train
457,train
458,validation
459,train
460,train
461,validation
462,train
463,train
464,validation
465,train
466,train
467,train
468,train
469,train
470,train
471,train
472,validation
473,validation
474,train
475,train
476,train
477,train
478,train
479,test
480,test
481,train
482,train
483,train
484,train
485,train
486,validation
487,validation
488,train
489,train
490,train
491,train
492,train
493,train
494,train
495,train
496,test
497,train
498,train
499,test
500,train
501,train
502,train
503,train
504,train
505,train
506,train
507,test
508,test
509,train
510,train
511,train
512,validation
513,train
514,train
515,train
516,train
517,train
518,train
519,train
520,train
521,train
522,validation
523,train
524,train
525,train
526,train
527,train
528,test
529,test
530,train
531,train
532,train
533,test
534,validation
535,train
536,validation
537,train
538,train
539,train
540,train
541,train
542,train
543,train
544,validation
545,test
546,train
547,train
548,train
549,train
550,train
551,train
552,train
553,train
554,train
555,validation
556,validation
557,train
558,test
559,train
560,train
561,train
562,train
563,train
564,train
565,test
566,test
567,train
568,validation
569,test
570,train
571,train
572,train
573,validation
574,train
575,train
576,train
577,train
578,train
579,train
580,train
581,train
582,test
583,train
584,train
585,train
586,train
587,train
588,train
589,train
590,train
591,train
592,train
593,train
594,train
595,validation
596,train
597,train
598,train
599,validation
600,test
601,train
602,test
603,test
604,train
605,train
606,validation
607,train
608,train
609,train
610,train
611,test
612,train
613,validation
614,train
615,train
616,train
617,train
618,train
619,train
620,train
621,train
622,validation
623,train
624,train
625,train
626,train
627,train
628,train
629,train
630,train
631,train
632,train
633,train
634,train
635,train
636,train
637,train
638,validation
639,train
640,train
641,train
642,train
643,test
644,train
645,train
646,train
647,train
648,train
649,train
650,train
651,test
652,test
653,train
654,train
655,train
656,train
657,train
658,train
659,train
660,train
661,train
662,train
663,train
664,train
665,train
666,train
667,train
668,train
669,train
670,train
671,validation
672,train
673,train
674,train
675,train
676,train
677,test
678,train
679,test
680,test
681,validation
682,train
683,test
684,train
685,train
686,validation
687,train
688,train
689,train
690,train
691,train
692,validation
693,train
694,train
695,train
696,test
697,train
698,train
699,train
700,train
701,validation
702,train
703,train
704,train
705,train
706,validation
707,train
708,train
709,train
710,train
711,train
712,train
713,train
714,train
715,train
716,train
717,train
718,train
719,validation
720,train
721,train
722,train
723,train
724,train
725,train
726,train
727,train
728,test
729,train
730,validation
731,train
732,train
733,train
734,train
735,train
736,train
737,train
738,train
739,train
740,train
741,train
742,validation
743,train
744,train
745,validation
746,train
747,test
748,train
749,train
750,train
751,train
752,train
753,train
754,train
755,train
756,validation
757,validation
758,train
759,train
760,test
761,train
762,train
763,train
764,train
765,validation
766,test
767,train
768,test
769,train
770,train
771,train
772,train
773,validation
774,train
775,train
776,train
777,test
778,train
779,train
780,train
781,train
782,test
783,train
784,validation
785,train
786,train
787,train
788,train
789,train
790,validation
791,validation
792,train
793,train
794,train
795,validation
796,train
797,train
798,train
799,test
800,train
801,train
802,train
803,train
804,train
805,train
806,validation
807,train
808,test
809,train
810,train
811,test
812,train
813,test
814,train
815,train
816,train
817,train
818,test
819,train
820,test
821,train
822,train
823,train
824,train
825,train
826,train
827,train
828,train
829,train
830,validation
831,train
832,test
833,train
834,train
835,train
836,train
837,train
838,train
839,train
840,train
841,validation
842,train
843,validation
844,train
845,train
846,test
847,train
848,validation
849,train
850,train
851,train
852,train
853,train
854,train
855,train
856,train
857,train
858,train
859,train
860,test
861,train
862,train
863,validation
864,train
865,validation
866,train
867,train
868,train
869,train
870,validation
871,train
872,validation
873,train
874,train
875,test
876,train
877,train
878,train
879,train
880,test
881,train
882,train
883,train
884,train
885,train
886,train
887,train
888,train
889,train
890,test
891,train
892,train
893,train
894,train
895,train
896,train
897,train
898,train
899,train
900,train
901,test
902,train
903,train
904,validation
905,train
906,train
907,train
908,train
909,train
910,train
911,train
912,train
913,test
914,train
915,train
916,train
917,train
918,train
919,train
920,train
921,train
922,train
923,train
924,train
925,train
926,train
927,train
928,validation
929,train
930,validation
931,test
932,train
933,validation
934,train
935,train
936,train
937,train
938,train
939,train
940,train
941,test
942,train
943,train
944,train
945,train
946,test
947,train
948,train
949,train
950,test
951,train
952,train
953,test
954,train
955,train
956,train
957,train
958,train
959,train
960,train
961,train
962,train
963,test
964,train
965,test
966,test
967,train
968,train
969,train
970,validation
971,train
972,train
973,train
974,train
975,train
976,train
977,train
978,train
979,train
980,validation
981,train
982,train
983,train
984,train
985,train
986,train
987,train
988,train
989,train
990,train
991,test
992,train
993,train
994,train
995,train
996,train
997,train
998,train
999,test
1000,validation
1001,train
1002,test
1003,train
1004,validation
1005,train
1006,validation
1007,train
1008,train
1009,train
1010,train
1011,validation
1012,validation
1013,train
1014,train
1015,train
1016,train
1017,train
1018,train
1019,validation
1020,train
1021,train
1022,train
1023,train
1024,train
1025,train
1026,validation
1027,train
1028,validation
1029,train
1030,train
1031,train
1032,train
1033,train
1034,train
1035,validation
1036,train
1037,train
1038,validation
1039,train
1040,train
1041,train
1042,test
1043,train
1044,train
1045,validation
1046,train
1047,train
1048,train
1049,test
1050,train
1051,train
1052,train
1053,train
1054,train
1055,train
1056,test
1057,train
1058,train
1059,train
1060,train
1061,train
1062,validation
1063,train
1064,train
1065,validation
1066,train
1067,train
1068,train
1069,validation
1070,train
1071,train
1072,train
1073,train
1074,train
1075,train
1076,train
1077,train
1078,train
1079,test
1080,train
1081,train
1082,train
1083,train
1084,train
1085,validation
1086,train
1087,train
1088,train
1089,train
1090,test
1091,validation
1092,test
1093,train
1094,train
1095,test
1096,train
1097,train
1098,train
1099,train
1100,train
1101,validation
1102,train
1103,train
1104,test
1105,train
1106,train
1107,validation
1108,train
1109,train
1110,train
1111,train
1112,train
1113,train
1114,test
1115,validation
1116,train
1117,validation
1118,validation
1119,train
1120,train
1121,train
1122,train
1123,train
1124,test
1125,train
1126,train
1127,train
1128,train
1129,train
1130,train
1131,train
1132,train
1133,train
1134,test
1135,validation
1136,validation
1137,train
1138,train
1139,train
1140,train
1141,train
1142,train
1143,train
1144,train
1145,train
1146,train
1147,validation
1148,train
1149,train
1150,train
1151,train
1152,train
1153,train
1154,train
1155,train
1156,train
1157,train
1158,train
1159,train
1160,train
1161,train
1162,train
1163,train
1164,train
1165,train
1166,train
1167,train
1168,train
1169,train
1170,train
1171,train
1172,train
1173,train
1174,train
1175,validation
1176,train
1177,train
1178,test
1179,test
1180,train
1181,train
1182,train
1183,train
1184,train
1185,train
1186,train
1187,train
1188,train
1189,validation
1190,train
1191,train
1192,train
1193,validation
1194,train
1195,train
1196,train
1197,test
1198,train
1199,train
1200,train
1201,validation
1202,train
1203,train
1204,train
1205,validation
1206,train
1207,validation
1208,train
1209,train
1210,train
1211,train
1212,test
1213,train
1214,train
1215,train
1216,train
1217,test
1218,train
1219,train
1220,train
1221,train
1222,test
1223,train
1224,train
1225,train
1226,train
1227,train
1228,train
1229,test
1230,test
1231,test
1232,train
1233,train
1234,train
1235,train
1236,train
1237,test
1238,test
1239,train
1240,train
1241,train
1242,train
1243,test
1244,train
1245,validation
1246,train
1247,train
1248,train
1249,train
1250,train
1251,train
1252,test
1253,train
1254,train
1255,train
1256,train
1257,train
1258,train
1259,train
1260,train
1261,train
1262,train
1263,train
1264,test
1265,train
1266,train
1267,train
1268,train
1269,train
1270,train
1271,test
1272,train
1273,test
1274,train
1275,train
1276,train
1277,train
1278,train
1279,validation
1280,train
1281,train
1282,train
1283,train
1284,test
1285,train
1286,train
1287,validation
1288,train
1289,validation
1290,train
1291,train
1292,train
1293,train
1294,train
1295,train
1296,train
1297,train
1298,train
1299,train
1300,train
1301,train
1302,train
1303,train
1304,train
1305,train
1306,train
1307,train
1308,test
1309,train
1310,train
1311,train
1312,train
1313,train
1314,validation
1315,train
1316,train
1317,train
1318,test
1319,train
1320,train
1321,train
1322,train
1323,test
1324,validation
1325,train
1326,train
1327,train
1328,train
1329,train
1330,train
1331,validation
1332,train
1333,train
1334,train
1335,train
1336,train
1337,validation
1338,test
1339,train
1340,train
1341,train
1342,train
1343,train
1344,test
1345,validation
1346,test
1347,train
1348,train
1349,train
1350,train
1351,train
1352,train
1353,train
1354,train
1355,train
1356,train
1357,train
1358,train
1359,train
1360,test
1361,train
1362,test
1363,test
1364,train
1365,train
1366,train
1367,test
1368,train
1369,train
1370,train
1371,test
1372,train
1373,train
1374,train
1375,test
1376,test
1377,train
1378,validation
1379,train
1380,train
1381,train
1382,train
1383,train
1384,train
1385,train
1386,train
1387,train
1388,train
1389,train
1390,train
1391,train
1392,train
1393,validation
1394,train
1395,train
1396,validation
1397,train
1398,train
1399,train
1400,validation
1401,train
1402,train
1403,validation
1404,train
1405,train
1406,train
1407,train
1408,validation
1409,train
1410,train
1411,train
1412,train
1413,train
1414,test
1415,train
1416,train
1417,train
1418,train
1419,train
1420,train
1421,train
1422,validation
1423,test
1424,validation
1425,train
1426,train
1427,train
1428,test
1429,train
1430,validation
1431,train
1432,train
1433,validation
1434,train
1435,train
1436,train
1437,train
1438,validation
1439,train
1440,train
1441,train
1442,train
1443,train
1444,train
1445,train
1446,train
1447,train
1448,train
1449,test
1450,train
1451,train
1452,train
1453,train
1454,test
1455,train
1456,train
1457,train
1458,test
1459,train
1460,train
1461,train
1462,validation
1463,test
1464,train
1465,train
1466,test
1467,train
1468,test
1469,train
1470,train
1471,train
1472,train
1473,train
1474,train
1475,train
1476,train
1477,test
1478,train
1479,train
1480,train
1481,train
1482,train
1483,train
1484,test
1485,train
1486,train
1487,test
1488,train
1489,train
1490,train
1491,train
1492,validation
1493,train
1494,train
1495,train
1496,train
1497,train
1498,train
1499,train
1500,train
1501,train
1502,train
1503,train
1504,train
1505,train
1506,train
1507,train
1508,test
1509,train
1510,test
1511,train
1512,train
1513,train
1514,train
1515,train
1516,train
1517,train
1518,train
1519,test
1520,train
1521,train
1522,train
1523,train
1524,train
1525,train
1526,train
1527,train
1528,train
1529,train
1530,train
1531,train
1532,train
1533,train
1534,train
1535,train
1536,train
1537,train
1538,train
1539,train
1540,train
1541,train
1542,train
1543,train
1544,train
1545,test
1546,validation
1547,train
1548,train
1549,train
1550,train
1551,train
1552,train
1553,train
1554,train
1555,train
1556,train
1557,train
1558,train
1559,train
1560,train
1561,train
1562,train
1563,train
1564,validation
1565,test
1566,validation
1567,train
1568,train
1569,train
1570,train
1571,train
1572,train
1573,train
1574,train
1575,train
1576,train
1577,test
1578,train
1579,train
1580,train
1581,train
1582,train
1583,train
1584,train
1585,train
1586,train
1587,test
1588,train
1589,train
1590,train
1591,train
1592,test
1593,train
1594,train
1595,train
1596,train
1597,train
1598,train
1599,validation
1600,train
1601,validation
1602,train
1603,train
1604,train
1605,train
1606,train
1607,train
1608,validation
1609,train
1610,train
1611,validation
1612,train
1613,train
1614,train
1615,train
1616,train
1617,validation
1618,train
1619,validation
1620,train
1621,train
1622,validation
1623,train
1624,train
1625,train
1626,train
1627,test
1628,train
1629,test
1630,train
1631,train
1632,train
1633,train
1634,train
1635,train
1636,train
1637,train
1638,validation
1639,train
1640,train
1641,train
1642,validation
1643,test
1644,train
1645,train
1646,train
1647,train
1648,train
1649,train
1650,train
1651,train
1652,test
1653,train
1654,train
1655,train
1656,train
1657,train
1658,validation
1659,train
1660,train
1661,train
1662,train
1663,train
1664,train
1665,train
1666,train
1667,train
1668,train
1669,train
1670,train
1671,train
1672,train
1673,train
1674,train
1675,test
1676,train
1677,train
1678,train
1679,train
1680,train
1681,train
1682,train
1683,train
1684,train
1685,train
1686,train
1687,train
1688,train
1689,train
1690,train
1691,train
1692,train
1693,train
1694,train
1695,train
1696,train
1697,train
1698,train
1699,train
1700,train
1701,train
1702,train
1703,test
1704,validation
1705,train
1706,train
1707,train
1708,train
1709,train
1710,train
1711,train
1712,test
1713,train
1714,train
1715,validation
1716,train
1717,train
1718,train
1719,train
1720,train
1721,train
1722,validation
1723,train
1724,test
1725,train
1726,validation
1727,train
1728,test
1729,train
1730,train
1731,train
1732,train
1733,train
1734,train
1735,train
1736,train
1737,train
1738,test
1739,train
1740,train
1741,train
1742,validation
1743,test
1744,train
1745,test
1746,train
1747,train
1748,train
1749,train
1750,train
1751,train
1752,train
1753,train
1754,train
1755,train
1756,train
1757,validation
1758,train
1759,train
1760,train
1761,validation
1762,train
1763,test
1764,test
1765,train
1766,train
1767,train
1768,validation
1769,train
1770,validation
1771,train
1772,train
1773,train
1774,train
1775,train
1776,train
1777,train
1778,test
1779,train
1780,validation
1781,test
1782,train
1783,train
1784,train
1785,train
1786,train
1787,train
1788,train
1789,train
1790,test
1791,train
1792,train
1793,train
1794,validation
1795,train
1796,validation
1797,train
1798,train
1799,test
1800,train
1801,train
1802,train
1803,train
1804,train
1805,train
1806,train
1807,train
1808,train
1809,train
1810,train
1811,train
1812,test
1813,validation
1814,train
1815,train
1816,train
1817,train
1818,train
1819,train
1820,train
1821,train
1822,train
1823,train
1824,train
1825,train
1826,validation
1827,train
1828,train
1829,train
1830,train
1831,train
1832,validation
1833,validation
1834,train
1835,train
1836,test
1837,train
1838,train
1839,train
1840,test
1841,train
1842,train
1843,train
1844,train
1845,train
1846,train
1847,train
1848,train
1849,train
1850,validation
1851,test
1852,train
1853,train
1854,train
1855,train
1856,train
1857,train
1858,train
1859,train
1860,validation
1861,validation
1862,test
1863,train
1864,train
1865,train
1866,train
1867,train
1868,train
1869,train
1870,test
1871,train
1872,test
1873,train
1874,train
1875,validation
1876,train
1877,test
1878,train
1879,validation
1880,train
1881,train
1882,train
1883,train
1884,train
1885,train
1886,train
1887,validation
1888,train
1889,train
1890,train
1891,train
1892,train
1893,train
1894,train
1895,train
1896,train
1897,train
1898,train
1899,train
1900,train
1901,train
1902,train
1903,validation
1904,train
1905,validation
1906,train
1907,train
1908,train
1909,train
1910,train
1911,validation
1912,validation
1913,train
1914,train
1915,train
1916,train
1917,train
1918,train
1919,validation
1920,train
1921,train
1922,test
1923,train
1924,train
1925,validation
1926,validation
1927,train
1928,train
1929,train
1930,train
1931,train
1932,train
1933,train
1934,train
1935,train
1936,train
1937,train
1938,validation
1939,train
1940,train
1941,validation
1942,test
1943,train
1944,train
1945,train
1946,train
1947,train
1948,train
1949,test
1950,train
1951,train
1952,validation
1953,train
1954,train
1955,test
1956,train
1957,test
1958,train
1959,train
1960,train
1961,train
1962,train
1963,train
1964,train
1965,train
1966,train
1967,validation
1968,train
1969,train
1970,train
1971,train
1972,test
1973,train
1974,train
1975,train
1976,train
1977,train
1978,train
1979,test
1980,train
1981,validation
1982,train
1983,train
1984,validation
1985,train
1986,validation
1987,train
1988,test
1989,train
1990,train
1991,train
1992,train
1993,train
1994,train
1995,train
1996,train
1997,train
1998,train
1999,train
2000,train
2001,train
2002,train
2003,train
2004,train
2005,train
2006,train
2007,train
2008,test
2009,train
2010,train
2011,train
2012,validation
2013,validation
2014,train
2015,train
2016,train
2017,train
2018,train
2019,train
2020,train
2021,validation
2022,train
2023,validation
2024,train
2025,train
2026,train
2027,train
2028,train
2029,test
2030,train
2031,train
2032,train
2033,validation
2034,train
2035,train
2036,train
2037,train
2038,train
2039,train
2040,train
2041,test
2042,train
2043,train
2044,train
2045,train
2046,validation
2047,train
2048,train
2049,train
2050,train
2051,train
2052,train
2053,train
2054,validation
2055,train
2056,train
2057,train
2058,train
2059,train
2060,test
2061,train
2062,train
2063,train
2064,train
2065,train
2066,train
2067,train
2068,train
2069,train
2070,train
2071,train
2072,train
2073,train
2074,validation
2075,train
2076,train
2077,train
2078,validation
2079,train
2080,train
2081,test
2082,train
2083,train
2084,test
2085,train
2086,train
2087,test
2088,train
2089,train
2090,train
2091,train
2092,test
2093,train
2094,train
2095,train
2096,train
2097,train
2098,train
2099,train
2100,train
2101,train
2102,train
2103,validation
2104,validation
2105,test
2106,train
2107,train
2108,test
2109,train
2110,train
2111,train
2112,train
2113,train
2114,train
2115,test
2116,train
2117,train
2118,train
2119,train
2120,validation
2121,validation
2122,train
2123,train
2124,validation
2125,train
2126,train
2127,train
2128,train
2129,train
2130,train
2131,train
2132,train
2133,train
2134,train
2135,train
2136,train
2137,train
2138,train
2139,train
2140,train
2141,validation
2142,train
2143,train
2144,train
2145,train
2146,train
2147,train
2148,train
2149,train
2150,validation
2151,train
2152,train
2153,train
2154,train
2155,train
2156,train
2157,train
2158,train
2159,train
2160,validation
2161,train
2162,test
2163,train
2164,train
2165,train
2166,train
2167,train
2168,train
2169,train
2170,train
2171,train
2172,validation
2173,validation
2174,train
2175,train
2176,validation
2177,train
2178,test
2179,train
2180,train
2181,train
2182,validation
2183,train
2184,train
2185,train
2186,train
2187,validation
2188,test
2189,train
2190,test
2191,test
2192,train
2193,train
2194,train
2195,train
2196,train
2197,train
2198,train
2199,train
2200,train
2201,train
2202,train
2203,test
2204,train
2205,train
2206,train
2207,train
2208,train
2209,train
2210,train
2211,train
2212,train
2213,test
2214,train
2215,train
2216,test
2217,train
2218,train
2219,train
2220,train
2221,train
2222,train
2223,train
2224,train
2225,train
2226,train
2227,train
2228,train
2229,train
2230,train
2231,train
2232,train
2233,train
2234,validation
2235,train
2236,train
2237,train
2238,train
2239,validation
2240,train
2241,train
2242,validation
2243,test
2244,validation
2245,validation
2246,train
2247,validation
2248,train
2249,test
2250,validation
2251,train
2252,train
2253,train
2254,train
2255,train
2256,train
2257,validation
2258,train
2259,train
2260,train
2261,train
2262,train
2263,validation
2264,validation
2265,train
2266,train
2267,train
2268,train
2269,test
2270,train
2271,train
2272,train
2273,train
2274,train
2275,train
2276,train
2277,test
2278,train
2279,train
2280,train
2281,test
2282,train
2283,train
2284,test
2285,train
2286,train
2287,train
2288,train
2289,train
2290,train
2291,train
2292,train
2293,test
2294,train
2295,train
2296,train
2297,train
2298,train
2299,train
2300,test
2301,train
2302,train
2303,train
2304,train
2305,train
2306,train
2307,train
2308,train
2309,train
2310,train
2311,train
2312,train
2313,train
2314,validation
2315,train
2316,validation
2317,test
2318,train
2319,validation
2320,validation
2321,train
2322,train
2323,train
2324,test
2325,train
2326,train
2327,train
2328,train
2329,train
2330,train
2331,train
2332,train
2333,train
2334,train
2335,train
2336,train
2337,train
2338,train
2339,train
2340,train
2341,test
2342,train
2343,train
2344,train
2345,train
2346,train
2347,train
2348,train
2349,train
2350,train
2351,validation
2352,train
2353,train
2354,train
2355,train
2356,train
2357,train
2358,train
2359,validation
2360,train
2361,train
2362,train
2363,train
2364,train
2365,validation
2366,train
2367,validation
2368,train
2369,train
2370,train
2371,train
2372,train
2373,test
2374,train
2375,validation
2376,test
2377,train
2378,train
2379,validation
2380,train
2381,train
2382,validation
2383,train
2384,train
2385,validation
2386,train
2387,train
2388,train
2389,train
2390,train
2391,train
2392,train
2393,train
2394,train
2395,train
2396,train
2397,validation
2398,train
2399,validation
2400,train
2401,test
2402,train
2403,test
2404,train
2405,train
2406,train
2407,train
2408,train
2409,train
2410,train
2411,train
2412,train
2413,test
2414,train
2415,validation
2416,test
2417,train
2418,train
2419,train
2420,train
2421,train
2422,train
2423,validation
2424,train
2425,train
2426,train
2427,train
2428,train
2429,train
2430,train
2431,train
2432,train
2433,train
2434,train
2435,validation
2436,train
2437,train
2438,train
2439,test
2440,train
2441,train
2442,train
2443,train
2444,train
2445,train
2446,train
2447,train
2448,train
2449,train
2450,train
2451,train
2452,train
2453,train
2454,test
2455,train
2456,train
2457,test
2458,train
2459,train
2460,train
2461,train
2462,validation
2463,test
2464,test
2465,train
2466,train
2467,train
2468,validation
2469,train
2470,train
2471,train
2472,train
2473,train
2474,train
2475,train
2476,train
2477,train
2478,train
2479,train
2480,train
2481,validation
2482,test
2483,train
2484,train
2485,train
2486,train
2487,train
2488,train
2489,train
2490,train
2491,test
2492,train
2493,train
2494,train
2495,train
2496,test
2497,test
2498,train
2499,train
2500,validation
2501,validation
2502,train
2503,train
2504,train
2505,train
2506,train
2507,train
2508,train
2509,train
2510,train
2511,validation
2512,train
2513,train
2514,train
2515,validation
2516,train
2517,train
2518,train
2519,train
2520,train
2521,train
2522,train
2523,train
2524,train
2525,train
2526,train
2527,test
2528,train
2529,test
2530,train
2531,train
2532,train
2533,train
2534,train
2535,train
2536,train
2537,train
2538,train
2539,train
2540,train
2541,test
2542,train
2543,train
2544,train
2545,train
2546,train
2547,test
2548,train
2549,train
2550,validation
2551,train
2552,validation
2553,train
2554,train
2555,train
2556,test
2557,train
2558,train
2559,train
2560,train
2561,train
2562,train
2563,train
2564,validation
2565,train
2566,train
2567,train
2568,train
2569,train
2570,train
2571,train
2572,train
2573,train
2574,train
2575,train
2576,validation
2577,train
2578,train
2579,test
2580,train
2581,test
2582,train
2583,train
2584,train
2585,train
2586,train
2587,train
2588,train
2589,train
2590,train
2591,train
2592,train
2593,train
2594,train
2595,train
2596,train
2597,train
2598,train
2599,train
2600,train
2601,train
2602,test
2603,validation
2604,validation
2605,train
2606,train
2607,train
2608,train
2609,train
2610,train
2611,validation
2612,test
2613,train
2614,train
2615,train
2616,train
2617,train
2618,train
2619,train
2620,train
2621,train
2622,train
2623,train
2624,train
2625,train
2626,train
2627,train
2628,train
2629,train
2630,train
2631,train
2632,train
2633,train
2634,train
2635,train
2636,train
2637,train
2638,validation
2639,train
2640,train
2641,train
2642,test
2643,train
2644,train
2645,test
2646,train
2647,test
2648,validation
2649,train
2650,train
2651,test
2652,train
2653,train
2654,train
2655,train
2656,validation
2657,train
2658,train
2659,train
2660,train
2661,train
2662,train
2663,validation
2664,train
2665,train
2666,train
2667,train
2668,train
2669,train
2670,validation
2671,train
2672,train
2673,train
2674,test
2675,train
2676,train
2677,train
2678,train
2679,train
2680,train
2681,train
2682,train
2683,train
2684,train
2685,train
2686,train
2687,train
2688,validation
2689,test
2690,train
2691,train
2692,validation
2693,train
2694,train
2695,train
2696,train
2697,validation
2698,train
2699,test
2700,validation
2701,train
2702,train
2703,train
2704,train
2705,train
2706,train
2707,train
2708,train
2709,train
2710,train
2711,train
2712,train
2713,train
2714,validation
2715,train
2716,train
2717,test
2718,train
2719,train
2720,train
2721,train
2722,train
2723,train
2724,train
2725,train
2726,train
2727,train
2728,train
2729,train
2730,train
2731,train
2732,train
2733,train
2734,test
2735,train
2736,train
2737,train
2738,train
2739,test
2740,train
2741,train
2742,train
2743,train
2744,validation
2745,train
2746,train
2747,train
2748,train
2749,train
2750,train
2751,train
2752,train
2753,train
2754,train
2755,train
2756,train
2757,train
2758,train
2759,train
2760,train
2761,train
2762,train
2763,test
2764,validation
2765,train
2766,train
2767,validation
2768,train
2769,train
2770,train
2771,train
2772,train
2773,test
2774,train
2775,train
2776,train
2777,train
2778,train
2779,train
2780,train
2781,train
2782,train
2783,train
2784,train
2785,train
2786,train
2787,test
2788,validation
2789,train
2790,validation
2791,train
2792,validation
2793,train
2794,train
2795,train
2796,train
2797,train
2798,train
2799,train
2800,train
2801,validation
2802,train
2803,train
2804,train
2805,train
2806,train
2807,train
2808,train
2809,train
2810,train
2811,train
2812,train
2813,train
2814,train
2815,train
2816,train
2817,train
2818,train
2819,train
2820,train
2821,train
2822,test
2823,validation
2824,train
2825,train
2826,train
2827,validation
2828,train
2829,validation
2830,train
2831,train
2832,train
2833,train
2834,validation
2835,test
2836,validation
2837,train
2838,train
2839,train
2840,train
2841,train
2842,train
2843,train
2844,test
2845,train
2846,train
2847,train
2848,train
2849,train
2850,train
2851,train
2852,train
2853,train
2854,train
2855,train
2856,train
2857,validation
2858,validation
2859,train
2860,train
2861,train
2862,test
2863,train
2864,train
2865,train
2866,train
2867,train
2868,train
2869,validation
2870,train
2871,train
2872,test
2873,test
2874,train
2875,train
2876,train
2877,train
2878,train
2879,train
2880,train
2881,train
2882,train
2883,validation
2884,train
2885,train
2886,train
2887,train
2888,train
2889,train
2890,train
2891,test
2892,train
2893,train
2894,test
2895,train
2896,train
2897,validation
2898,train
2899,train
2900,train
2901,test
2902,train
2903,train
2904,train
2905,train
2906,train
2907,test
2908,train
2909,train
2910,train
2911,train
2912,validation
2913,train
2914,train
2915,train
2916,train
2917,validation
2918,train
2919,train
2920,train
2921,train
2922,train
2923,train
2924,train
2925,train
2926,train
2927,train
2928,train
2929,train
2930,test
2931,train
2932,train
2933,train
2934,train
2935,train
2936,train
2937,train
2938,train
2939,train
2940,validation
2941,test
2942,train
2943,train
2944,train
2945,train
2946,train
2947,train
2948,train
2949,train
2950,train
2951,train
2952,train
2953,train
2954,train
2955,train
2956,validation
2957,train
2958,validation
2959,test
2960,train
2961,train
2962,train
2963,train
2964,train
2965,train
2966,train
2967,train
2968,train
2969,train
2970,validation
2971,train
2972,train
2973,train
2974,train
2975,test
2976,train
2977,train
2978,train
2979,validation
2980,train
2981,train
2982,train
2983,train
2984,train
2985,train
2986,train
2987,train
2988,train
2989,train
2990,train
2991,train
2992,train
2993,test
2994,train
2995,train
2996,validation
2997,train
2998,train
2999,train
3000,validation
3001,train
3002,train
3003,validation
3004,train
3005,train
3006,train
3007,train
3008,validation
3009,train
3010,train
3011,train
