model,test_row,dataset_id,maximum_similarity
BLOOM-560M,1,1,0.700000000000
BLOOM-560M,2,1197,0.636363636364
BLOOM-560M,3,499,0.769230769231
BLOOM-560M,4,1872,0.900000000000
BLOOM-560M,5,267,0.750000000000
BLOOM-560M,6,2277,0.785714285714
BLOOM-560M,7,683,0.769230769231
BLOOM-560M,8,1790,0.818181818182
BLOOM-560M,9,1049,0.818181818182
BLOOM-560M,10,2647,0.777777777778
BLOOM-560M,11,64,0.928571428571
BLOOM-560M,12,2281,0.909090909091
BLOOM-560M,13,193,0.846153846154
BLOOM-560M,14,2216,0.916666666667
BLOOM-560M,15,417,0.545454545455
BLOOM-560M,16,1090,0.833333333333
BLOOM-560M,17,1179,0.818181818182
BLOOM-560M,18,913,0.923076923077
BLOOM-560M,19,68,0.769230769231
BLOOM-560M,20,2556,0.727272727273
BLOOM-560M,21,409,1.000000000000
BLOOM-560M,22,394,0.846153846154
BLOOM-560M,23,2844,1.000000000000
BLOOM-560M,24,1675,0.461538461538
BLOOM-560M,25,931,0.846153846154
BLOOM-560M,26,310,0.769230769231
BLOOM-560M,27,1508,0.666666666667
BLOOM-560M,28,1565,0.769230769231
BLOOM-560M,29,2029,0.727272727273
BLOOM-560M,30,112,1.000000000000
BLOOM-560M,31,2891,0.750000000000
BLOOM-560M,32,1338,0.923076923077
BLOOM-560M,33,1284,0.833333333333
BLOOM-560M,34,1178,1.000000000000
BLOOM-560M,35,1799,0.714285714286
BLOOM-560M,36,2497,0.916666666667
BLOOM-560M,37,1375,0.750000000000
BLOOM-560M,38,2739,0.750000000000
BLOOM-560M,39,2689,0.750000000000
BLOOM-560M,40,2529,0.846153846154
BLOOM-560M,41,901,0.818181818182
BLOOM-560M,42,1703,0.846153846154
BLOOM-560M,43,2401,0.750000000000
BLOOM-560M,44,366,1.000000000000
BLOOM-560M,45,45,0.750000000000
BLOOM-560M,46,480,0.714285714286
BLOOM-560M,47,545,0.909090909091
BLOOM-560M,48,1778,0.909090909091
BLOOM-560M,49,2547,0.833333333333
BLOOM-560M,50,1124,0.785714285714
BLOOM-560M,51,1745,0.615384615385
BLOOM-560M,52,1466,0.636363636364
BLOOM-560M,53,1712,0.545454545455
BLOOM-560M,54,2284,0.636363636364
BLOOM-560M,55,1643,0.846153846154
BLOOM-560M,56,2403,0.818181818182
BLOOM-560M,57,257,0.769230769231
BLOOM-560M,58,1323,0.800000000000
BLOOM-560M,59,204,0.727272727273
BLOOM-560M,60,2457,0.916666666667
BLOOM-560M,61,2930,0.785714285714
BLOOM-560M,62,1458,0.909090909091
BLOOM-560M,63,558,0.909090909091
BLOOM-560M,64,846,0.666666666667
BLOOM-560M,65,2491,0.666666666667
BLOOM-560M,66,451,0.846153846154
BLOOM-560M,67,820,0.833333333333
BLOOM-560M,68,1362,0.846153846154
BLOOM-560M,69,2376,0.923076923077
BLOOM-560M,70,2373,0.833333333333
BLOOM-560M,71,2081,0.727272727273
BLOOM-560M,72,799,0.583333333333
BLOOM-560M,73,2115,0.750000000000
BLOOM-560M,74,2717,0.818181818182
BLOOM-560M,75,44,0.800000000000
BLOOM-560M,76,880,0.916666666667
BLOOM-560M,77,1587,1.000000000000
BLOOM-560M,78,437,0.769230769231
BLOOM-560M,79,1222,0.909090909091
BLOOM-560M,80,234,0.545454545455
BLOOM-560M,81,2787,0.846153846154
BLOOM-560M,82,1252,0.800000000000
BLOOM-560M,83,1781,0.909090909091
BLOOM-560M,84,611,0.818181818182
BLOOM-560M,85,103,0.818181818182
BLOOM-560M,86,2941,0.818181818182
BLOOM-560M,87,1738,0.833333333333
BLOOM-560M,88,1360,0.916666666667
BLOOM-560M,89,643,0.818181818182
BLOOM-560M,90,890,0.700000000000
BLOOM-560M,91,81,0.615384615385
BLOOM-560M,92,1042,0.727272727273
BLOOM-560M,93,403,0.818181818182
BLOOM-560M,94,1237,0.833333333333
BLOOM-560M,95,2439,0.846153846154
BLOOM-560M,96,479,0.916666666667
BLOOM-560M,97,2213,0.636363636364
BLOOM-560M,98,813,1.000000000000
BLOOM-560M,99,2416,0.615384615385
BLOOM-560M,100,355,0.900000000000
BLOOM-560M,101,1972,1.000000000000
BLOOM-560M,102,991,0.818181818182
BLOOM-560M,103,2324,0.909090909091
BLOOM-560M,104,528,0.571428571429
BLOOM-560M,105,440,0.636363636364
BLOOM-560M,106,1363,1.000000000000
BLOOM-560M,107,1743,1.000000000000
BLOOM-560M,108,2645,0.727272727273
BLOOM-560M,109,508,0.692307692308
BLOOM-560M,110,1079,0.785714285714
BLOOM-560M,111,1764,0.833333333333
BLOOM-560M,112,2413,0.538461538462
BLOOM-560M,113,777,0.916666666667
BLOOM-560M,114,2300,0.916666666667
BLOOM-560M,115,416,0.727272727273
BLOOM-560M,116,946,0.833333333333
BLOOM-560M,117,240,0.923076923077
BLOOM-560M,118,811,1.000000000000
BLOOM-560M,119,258,0.750000000000
BLOOM-560M,120,411,0.923076923077
BLOOM-560M,121,2642,0.750000000000
BLOOM-560M,122,496,0.666666666667
BLOOM-560M,123,121,0.666666666667
BLOOM-560M,124,832,0.333333333333
BLOOM-560M,125,760,0.700000000000
BLOOM-560M,126,2008,0.923076923077
BLOOM-560M,127,211,0.615384615385
BLOOM-560M,128,31,1.000000000000
BLOOM-560M,129,768,0.909090909091
BLOOM-560M,130,2317,0.454545454545
BLOOM-560M,131,680,0.666666666667
BLOOM-560M,132,367,0.818181818182
BLOOM-560M,133,651,0.750000000000
BLOOM-560M,134,2975,1.000000000000
BLOOM-560M,135,1243,0.833333333333
BLOOM-560M,136,1812,0.846153846154
BLOOM-560M,137,175,0.846153846154
BLOOM-560M,138,569,0.800000000000
BLOOM-560M,139,766,0.454545454545
BLOOM-560M,140,2188,0.769230769231
BLOOM-560M,141,1592,0.818181818182
BLOOM-560M,142,125,0.666666666667
BLOOM-560M,143,2822,0.769230769231
BLOOM-560M,144,2341,0.818181818182
BLOOM-560M,145,1371,0.846153846154
BLOOM-560M,146,450,0.833333333333
BLOOM-560M,147,808,0.785714285714
BLOOM-560M,148,408,0.636363636364
BLOOM-560M,149,533,0.923076923077
BLOOM-560M,150,412,0.818181818182
BLOOM-560M,151,284,0.909090909091
BLOOM-560M,152,1229,0.818181818182
BLOOM-560M,153,1308,0.666666666667
BLOOM-560M,154,433,0.615384615385
BLOOM-560M,155,1463,1.000000000000
BLOOM-560M,156,2092,0.692307692308
BLOOM-560M,157,1487,0.857142857143
BLOOM-560M,158,219,0.583333333333
BLOOM-560M,159,2293,1.000000000000
BLOOM-560M,160,255,0.818181818182
BLOOM-560M,161,2243,0.846153846154
BLOOM-560M,162,300,0.777777777778
BLOOM-560M,163,1449,0.692307692308
BLOOM-560M,164,1104,0.833333333333
BLOOM-560M,165,1577,0.900000000000
BLOOM-560M,166,818,0.714285714286
BLOOM-560M,167,2162,0.500000000000
BLOOM-560M,168,178,0.857142857143
BLOOM-560M,169,2463,0.769230769231
BLOOM-560M,170,1988,0.727272727273
BLOOM-560M,171,89,0.928571428571
BLOOM-560M,172,1454,0.916666666667
BLOOM-560M,173,1629,0.692307692308
BLOOM-560M,174,747,0.500000000000
BLOOM-560M,175,153,0.769230769231
BLOOM-560M,176,1092,0.692307692308
BLOOM-560M,177,602,0.909090909091
BLOOM-560M,178,1942,1.000000000000
BLOOM-560M,179,507,0.833333333333
BLOOM-560M,180,1724,0.666666666667
BLOOM-560M,181,2190,1.000000000000
BLOOM-560M,182,1344,0.900000000000
BLOOM-560M,183,2579,0.727272727273
BLOOM-560M,184,421,0.785714285714
BLOOM-560M,185,2602,0.727272727273
BLOOM-560M,186,1414,1.000000000000
BLOOM-560M,187,1212,0.818181818182
BLOOM-560M,188,2464,0.800000000000
BLOOM-560M,189,1230,0.769230769231
BLOOM-560M,190,2108,0.818181818182
BLOOM-560M,191,171,0.615384615385
BLOOM-560M,192,23,0.833333333333
BLOOM-560M,193,52,0.818181818182
BLOOM-560M,194,1728,0.833333333333
BLOOM-560M,195,2862,0.750000000000
BLOOM-560M,196,963,0.750000000000
BLOOM-560M,197,1979,0.818181818182
BLOOM-560M,198,1238,0.909090909091
BLOOM-560M,199,135,0.833333333333
BLOOM-560M,200,782,0.833333333333
BLOOM-560M,201,1134,0.833333333333
BLOOM-560M,202,2060,0.818181818182
BLOOM-560M,203,2496,1.000000000000
BLOOM-560M,204,966,1.000000000000
BLOOM-560M,205,2763,0.555555555556
BLOOM-560M,206,163,0.916666666667
BLOOM-560M,207,140,0.846153846154
BLOOM-560M,208,2699,0.833333333333
BLOOM-560M,209,2872,0.923076923077
BLOOM-560M,210,1095,0.846153846154
BLOOM-560M,211,2482,1.000000000000
BLOOM-560M,212,1957,0.888888888889
BLOOM-560M,213,566,0.833333333333
BLOOM-560M,214,2203,0.750000000000
BLOOM-560M,215,529,0.857142857143
BLOOM-560M,216,860,0.833333333333
BLOOM-560M,217,344,0.846153846154
BLOOM-560M,218,728,0.769230769231
BLOOM-560M,219,2454,0.818181818182
BLOOM-560M,220,290,0.769230769231
BLOOM-560M,221,1271,0.750000000000
BLOOM-560M,222,388,0.916666666667
BLOOM-560M,223,2581,0.769230769231
BLOOM-560M,224,174,0.833333333333
BLOOM-560M,225,2105,1.000000000000
BLOOM-560M,226,1468,0.666666666667
BLOOM-560M,227,2087,1.000000000000
BLOOM-560M,228,1652,0.800000000000
BLOOM-560M,229,1922,1.000000000000
BLOOM-560M,230,965,0.833333333333
BLOOM-560M,231,1264,0.769230769231
BLOOM-560M,232,1114,0.500000000000
BLOOM-560M,233,1545,0.769230769231
BLOOM-560M,234,314,0.727272727273
BLOOM-560M,235,184,0.636363636364
BLOOM-560M,236,603,0.750000000000
BLOOM-560M,237,1231,0.769230769231
BLOOM-560M,238,2041,1.000000000000
BLOOM-560M,239,424,0.818181818182
BLOOM-560M,240,2084,0.615384615385
BLOOM-560M,241,2191,0.466666666667
BLOOM-560M,242,953,0.750000000000
BLOOM-560M,243,1002,0.909090909091
BLOOM-560M,244,1376,0.818181818182
BLOOM-560M,245,2734,0.769230769231
BLOOM-560M,246,1870,0.818181818182
BLOOM-560M,247,1217,1.000000000000
BLOOM-560M,248,600,0.750000000000
BLOOM-560M,249,2894,0.750000000000
BLOOM-560M,250,299,0.538461538462
BLOOM-560M,251,1346,0.727272727273
BLOOM-560M,252,2993,0.769230769231
BLOOM-560M,253,1877,0.727272727273
BLOOM-560M,254,1318,0.727272727273
BLOOM-560M,255,2901,0.750000000000
BLOOM-560M,256,1428,0.818181818182
BLOOM-560M,257,1851,0.916666666667
BLOOM-560M,258,1273,0.900000000000
BLOOM-560M,259,1627,0.846153846154
BLOOM-560M,260,2835,0.900000000000
BLOOM-560M,261,941,0.800000000000
BLOOM-560M,262,875,0.769230769231
BLOOM-560M,263,1955,0.833333333333
BLOOM-560M,264,2269,0.750000000000
BLOOM-560M,265,999,0.727272727273
BLOOM-560M,266,2541,0.846153846154
BLOOM-560M,267,2959,0.727272727273
BLOOM-560M,268,185,0.769230769231
BLOOM-560M,269,1056,1.000000000000
BLOOM-560M,270,325,0.454545454545
BLOOM-560M,271,565,0.727272727273
BLOOM-560M,272,333,1.000000000000
BLOOM-560M,273,1836,0.636363636364
BLOOM-560M,274,2249,0.833333333333
BLOOM-560M,275,1477,0.916666666667
BLOOM-560M,276,2651,0.800000000000
BLOOM-560M,277,1840,0.700000000000
BLOOM-560M,278,1510,0.700000000000
BLOOM-560M,279,2873,0.750000000000
BLOOM-560M,280,696,1.000000000000
BLOOM-560M,281,228,0.818181818182
BLOOM-560M,282,53,0.909090909091
BLOOM-560M,283,950,0.750000000000
BLOOM-560M,284,1484,0.923076923077
BLOOM-560M,285,1423,0.727272727273
BLOOM-560M,286,1519,1.000000000000
BLOOM-560M,287,1862,0.750000000000
BLOOM-560M,288,2612,1.000000000000
BLOOM-560M,289,2674,0.545454545455
BLOOM-560M,290,2773,0.666666666667
BLOOM-560M,291,142,1.000000000000
BLOOM-560M,292,2527,0.923076923077
BLOOM-560M,293,582,0.833333333333
BLOOM-560M,294,1367,0.500000000000
BLOOM-560M,295,322,0.769230769231
BLOOM-560M,296,1949,0.571428571429
BLOOM-560M,297,1763,0.500000000000
BLOOM-560M,298,652,1.000000000000
BLOOM-560M,299,2907,0.769230769231
BLOOM-560M,300,2178,0.750000000000
BLOOM-560M,301,679,0.692307692308
BLOOM-560M,302,677,0.909090909091
mBART50,1,1,0.833333333333
mBART50,2,1197,0.750000000000
mBART50,3,499,0.769230769231
mBART50,4,1872,0.700000000000
mBART50,5,267,0.769230769231
mBART50,6,2277,0.615384615385
mBART50,7,683,0.692307692308
mBART50,8,1790,0.416666666667
mBART50,9,1049,0.615384615385
mBART50,10,2647,0.750000000000
mBART50,11,64,0.500000000000
mBART50,12,2281,0.692307692308
mBART50,13,193,0.500000000000
mBART50,14,2216,0.714285714286
mBART50,15,417,0.727272727273
mBART50,16,1090,0.615384615385
mBART50,17,1179,0.750000000000
mBART50,18,913,0.727272727273
mBART50,19,68,0.615384615385
mBART50,20,2556,0.750000000000
mBART50,21,409,0.916666666667
mBART50,22,394,0.692307692308
mBART50,23,2844,0.727272727273
mBART50,24,1675,0.727272727273
mBART50,25,931,0.692307692308
mBART50,26,310,0.769230769231
mBART50,27,1508,0.750000000000
mBART50,28,1565,0.692307692308
mBART50,29,2029,0.750000000000
mBART50,30,112,0.750000000000
mBART50,31,2891,0.615384615385
mBART50,32,1338,0.636363636364
mBART50,33,1284,0.727272727273
mBART50,34,1178,0.692307692308
mBART50,35,1799,0.500000000000
mBART50,36,2497,0.615384615385
mBART50,37,1375,0.750000000000
mBART50,38,2739,0.500000000000
mBART50,39,2689,0.692307692308
mBART50,40,2529,0.769230769231
mBART50,41,901,0.636363636364
mBART50,42,1703,0.615384615385
mBART50,43,2401,0.769230769231
mBART50,44,366,0.692307692308
mBART50,45,45,0.833333333333
mBART50,46,480,0.615384615385
mBART50,47,545,0.727272727273
mBART50,48,1778,0.750000000000
mBART50,49,2547,0.727272727273
mBART50,50,1124,0.692307692308
mBART50,51,1745,0.666666666667
mBART50,52,1466,0.666666666667
mBART50,53,1712,0.600000000000
mBART50,54,2284,0.615384615385
mBART50,55,1643,0.692307692308
mBART50,56,2403,0.600000000000
mBART50,57,257,0.727272727273
mBART50,58,1323,0.727272727273
mBART50,59,204,0.692307692308
mBART50,60,2457,0.750000000000
mBART50,61,2930,0.666666666667
mBART50,62,1458,0.666666666667
mBART50,63,558,0.769230769231
mBART50,64,846,0.769230769231
mBART50,65,2491,0.692307692308
mBART50,66,451,0.750000000000
mBART50,67,820,0.714285714286
mBART50,68,1362,0.750000000000
mBART50,69,2376,0.750000000000
mBART50,70,2373,0.666666666667
mBART50,71,2081,0.636363636364
mBART50,72,799,0.615384615385
mBART50,73,2115,0.714285714286
mBART50,74,2717,0.727272727273
mBART50,75,44,0.615384615385
mBART50,76,880,0.750000000000
mBART50,77,1587,0.769230769231
mBART50,78,437,0.636363636364
mBART50,79,1222,0.727272727273
mBART50,80,234,0.750000000000
mBART50,81,2787,0.769230769231
mBART50,82,1252,0.833333333333
mBART50,83,1781,0.727272727273
mBART50,84,611,0.500000000000
mBART50,85,103,0.636363636364
mBART50,86,2941,0.666666666667
mBART50,87,1738,0.692307692308
mBART50,88,1360,0.916666666667
mBART50,89,643,0.727272727273
mBART50,90,890,0.583333333333
mBART50,91,81,0.750000000000
mBART50,92,1042,0.750000000000
mBART50,93,403,0.769230769231
mBART50,94,1237,0.692307692308
mBART50,95,2439,0.692307692308
mBART50,96,479,0.615384615385
mBART50,97,2213,0.545454545455
mBART50,98,813,0.833333333333
mBART50,99,2416,0.636363636364
mBART50,100,355,0.727272727273
mBART50,101,1972,0.615384615385
mBART50,102,991,0.727272727273
mBART50,103,2324,0.727272727273
mBART50,104,528,0.750000000000
mBART50,105,440,0.714285714286
mBART50,106,1363,0.727272727273
mBART50,107,1743,0.727272727273
mBART50,108,2645,0.692307692308
mBART50,109,508,0.916666666667
mBART50,110,1079,0.727272727273
mBART50,111,1764,0.833333333333
mBART50,112,2413,0.916666666667
mBART50,113,777,0.692307692308
mBART50,114,2300,0.769230769231
mBART50,115,416,0.750000000000
mBART50,116,946,0.714285714286
mBART50,117,240,0.833333333333
mBART50,118,811,0.769230769231
mBART50,119,258,0.615384615385
mBART50,120,411,0.750000000000
mBART50,121,2642,0.545454545455
mBART50,122,496,0.642857142857
mBART50,123,121,0.750000000000
mBART50,124,832,0.615384615385
mBART50,125,760,0.750000000000
mBART50,126,2008,0.600000000000
mBART50,127,211,0.750000000000
mBART50,128,31,0.727272727273
mBART50,129,768,0.750000000000
mBART50,130,2317,0.727272727273
mBART50,131,680,0.636363636364
mBART50,132,367,0.615384615385
mBART50,133,651,0.538461538462
mBART50,134,2975,0.692307692308
mBART50,135,1243,0.818181818182
mBART50,136,1812,0.769230769231
mBART50,137,175,0.769230769231
mBART50,138,569,0.615384615385
mBART50,139,766,0.666666666667
mBART50,140,2188,0.769230769231
mBART50,141,1592,0.727272727273
mBART50,142,125,0.615384615385
mBART50,143,2822,0.769230769231
mBART50,144,2341,0.769230769231
mBART50,145,1371,0.461538461538
mBART50,146,450,0.727272727273
mBART50,147,808,0.461538461538
mBART50,148,408,0.615384615385
mBART50,149,533,0.714285714286
mBART50,150,412,0.615384615385
mBART50,151,284,0.500000000000
mBART50,152,1229,0.700000000000
mBART50,153,1308,0.750000000000
mBART50,154,433,0.692307692308
mBART50,155,1463,0.615384615385
mBART50,156,2092,0.769230769231
mBART50,157,1487,0.666666666667
mBART50,158,219,0.750000000000
mBART50,159,2293,0.769230769231
mBART50,160,255,0.833333333333
mBART50,161,2243,0.750000000000
mBART50,162,300,0.833333333333
mBART50,163,1449,0.615384615385
mBART50,164,1104,0.750000000000
mBART50,165,1577,0.636363636364
mBART50,166,818,0.500000000000
mBART50,167,2162,0.750000000000
mBART50,168,178,0.769230769231
mBART50,169,2463,0.750000000000
mBART50,170,1988,0.666666666667
mBART50,171,89,0.615384615385
mBART50,172,1454,0.454545454545
mBART50,173,1629,0.750000000000
mBART50,174,747,0.750000000000
mBART50,175,153,0.750000000000
mBART50,176,1092,0.538461538462
mBART50,177,602,0.615384615385
mBART50,178,1942,0.750000000000
mBART50,179,507,0.666666666667
mBART50,180,1724,0.666666666667
mBART50,181,2190,0.400000000000
mBART50,182,1344,0.500000000000
mBART50,183,2579,0.727272727273
mBART50,184,421,0.750000000000
mBART50,185,2602,0.615384615385
mBART50,186,1414,0.700000000000
mBART50,187,1212,0.692307692308
mBART50,188,2464,0.750000000000
mBART50,189,1230,0.769230769231
mBART50,190,2108,0.727272727273
mBART50,191,171,0.727272727273
mBART50,192,23,0.600000000000
mBART50,193,52,0.461538461538
mBART50,194,1728,0.615384615385
mBART50,195,2862,0.727272727273
mBART50,196,963,0.769230769231
mBART50,197,1979,0.538461538462
mBART50,198,1238,0.583333333333
mBART50,199,135,0.750000000000
mBART50,200,782,0.750000000000
mBART50,201,1134,0.666666666667
mBART50,202,2060,0.615384615385
mBART50,203,2496,0.750000000000
mBART50,204,966,0.615384615385
mBART50,205,2763,0.692307692308
mBART50,206,163,0.727272727273
mBART50,207,140,0.666666666667
mBART50,208,2699,0.666666666667
mBART50,209,2872,0.769230769231
mBART50,210,1095,0.750000000000
mBART50,211,2482,0.615384615385
mBART50,212,1957,0.615384615385
mBART50,213,566,0.692307692308
mBART50,214,2203,0.833333333333
mBART50,215,529,0.307692307692
mBART50,216,860,0.750000000000
mBART50,217,344,0.692307692308
mBART50,218,728,0.750000000000
mBART50,219,2454,0.769230769231
mBART50,220,290,0.666666666667
mBART50,221,1271,0.833333333333
mBART50,222,388,0.750000000000
mBART50,223,2581,0.666666666667
mBART50,224,174,0.666666666667
mBART50,225,2105,0.461538461538
mBART50,226,1468,0.692307692308
mBART50,227,2087,0.750000000000
mBART50,228,1652,0.615384615385
mBART50,229,1922,0.750000000000
mBART50,230,965,0.750000000000
mBART50,231,1264,0.727272727273
mBART50,232,1114,0.833333333333
mBART50,233,1545,0.666666666667
mBART50,234,314,0.818181818182
mBART50,235,184,0.769230769231
mBART50,236,603,0.769230769231
mBART50,237,1231,0.769230769231
mBART50,238,2041,0.666666666667
mBART50,239,424,0.750000000000
mBART50,240,2084,0.727272727273
mBART50,241,2191,0.615384615385
mBART50,242,953,0.714285714286
mBART50,243,1002,0.727272727273
mBART50,244,1376,0.666666666667
mBART50,245,2734,0.692307692308
mBART50,246,1870,0.833333333333
mBART50,247,1217,0.666666666667
mBART50,248,600,0.750000000000
mBART50,249,2894,0.727272727273
mBART50,250,299,0.714285714286
mBART50,251,1346,0.666666666667
mBART50,252,2993,0.615384615385
mBART50,253,1877,0.750000000000
mBART50,254,1318,0.750000000000
mBART50,255,2901,0.666666666667
mBART50,256,1428,0.769230769231
mBART50,257,1851,0.800000000000
mBART50,258,1273,0.692307692308
mBART50,259,1627,0.769230769231
mBART50,260,2835,0.666666666667
mBART50,261,941,0.750000000000
mBART50,262,875,0.692307692308
mBART50,263,1955,0.833333333333
mBART50,264,2269,0.769230769231
mBART50,265,999,0.833333333333
mBART50,266,2541,0.750000000000
mBART50,267,2959,0.750000000000
mBART50,268,185,0.750000000000
mBART50,269,1056,0.727272727273
mBART50,270,325,0.666666666667
mBART50,271,565,0.750000000000
mBART50,272,333,0.769230769231
mBART50,273,1836,0.666666666667
mBART50,274,2249,0.615384615385
mBART50,275,1477,0.750000000000
mBART50,276,2651,0.583333333333
mBART50,277,1840,0.750000000000
mBART50,278,1510,0.750000000000
mBART50,279,2873,0.833333333333
mBART50,280,696,0.727272727273
mBART50,281,228,0.692307692308
mBART50,282,53,0.615384615385
mBART50,283,950,0.769230769231
mBART50,284,1484,0.636363636364
mBART50,285,1423,0.692307692308
mBART50,286,1519,0.727272727273
mBART50,287,1862,0.750000000000
mBART50,288,2612,0.833333333333
mBART50,289,2674,0.666666666667
mBART50,290,2773,0.692307692308
mBART50,291,142,0.714285714286
mBART50,292,2527,0.666666666667
mBART50,293,582,0.692307692308
mBART50,294,1367,0.615384615385
mBART50,295,322,0.692307692308
mBART50,296,1949,0.727272727273
mBART50,297,1763,0.727272727273
mBART50,298,652,0.833333333333
mBART50,299,2907,0.615384615385
mBART50,300,2178,0.727272727273
mBART50,301,679,0.769230769231
mBART50,302,677,0.666666666667
ByT5-small,1,1,0.333333333333
ByT5-small,2,1197,0.454545454545
ByT5-small,3,499,0.583333333333
ByT5-small,4,1872,0.545454545455
ByT5-small,5,267,0.416666666667
ByT5-small,6,2277,0.363636363636
ByT5-small,7,683,0.454545454545
ByT5-small,8,1790,0.333333333333
ByT5-small,9,1049,0.538461538462
ByT5-small,10,2647,0.416666666667
ByT5-small,11,64,0.538461538462
ByT5-small,12,2281,0.416666666667
ByT5-small,13,193,0.500000000000
ByT5-small,14,2216,0.454545454545
ByT5-small,15,417,0.500000000000
ByT5-small,16,1090,0.416666666667
ByT5-small,17,1179,0.555555555556
ByT5-small,18,913,0.545454545455
ByT5-small,19,68,0.454545454545
ByT5-small,20,2556,0.583333333333
ByT5-small,21,409,0.461538461538
ByT5-small,22,394,0.363636363636
ByT5-small,23,2844,0.538461538462
ByT5-small,24,1675,0.500000000000
ByT5-small,25,931,0.400000000000
ByT5-small,26,310,0.500000000000
ByT5-small,27,1508,0.333333333333
ByT5-small,28,1565,0.384615384615
ByT5-small,29,2029,0.500000000000
ByT5-small,30,112,0.416666666667
ByT5-small,31,2891,0.416666666667
ByT5-small,32,1338,0.384615384615
ByT5-small,33,1284,0.384615384615
ByT5-small,34,1178,0.416666666667
ByT5-small,35,1799,0.250000000000
ByT5-small,36,2497,0.545454545455
ByT5-small,37,1375,0.416666666667
ByT5-small,38,2739,0.583333333333
ByT5-small,39,2689,0.333333333333
ByT5-small,40,2529,0.500000000000
ByT5-small,41,901,0.454545454545
ByT5-small,42,1703,0.583333333333
ByT5-small,43,2401,0.583333333333
ByT5-small,44,366,0.300000000000
ByT5-small,45,45,0.500000000000
ByT5-small,46,480,0.454545454545
ByT5-small,47,545,0.583333333333
ByT5-small,48,1778,0.384615384615
ByT5-small,49,2547,0.384615384615
ByT5-small,50,1124,0.461538461538
ByT5-small,51,1745,0.428571428571
ByT5-small,52,1466,0.500000000000
ByT5-small,53,1712,0.416666666667
ByT5-small,54,2284,0.400000000000
ByT5-small,55,1643,0.384615384615
ByT5-small,56,2403,0.538461538462
ByT5-small,57,257,0.454545454545
ByT5-small,58,1323,0.545454545455
ByT5-small,59,204,0.461538461538
ByT5-small,60,2457,0.461538461538
ByT5-small,61,2930,0.416666666667
ByT5-small,62,1458,0.363636363636
ByT5-small,63,558,0.363636363636
ByT5-small,64,846,0.538461538462
ByT5-small,65,2491,0.384615384615
ByT5-small,66,451,0.333333333333
ByT5-small,67,820,0.400000000000
ByT5-small,68,1362,0.500000000000
ByT5-small,69,2376,0.307692307692
ByT5-small,70,2373,0.416666666667
ByT5-small,71,2081,0.416666666667
ByT5-small,72,799,0.538461538462
ByT5-small,73,2115,0.461538461538
ByT5-small,74,2717,0.461538461538
ByT5-small,75,44,0.500000000000
ByT5-small,76,880,0.583333333333
ByT5-small,77,1587,0.461538461538
ByT5-small,78,437,0.416666666667
ByT5-small,79,1222,0.583333333333
ByT5-small,80,234,0.545454545455
ByT5-small,81,2787,0.454545454545
ByT5-small,82,1252,0.300000000000
ByT5-small,83,1781,0.500000000000
ByT5-small,84,611,0.333333333333
ByT5-small,85,103,0.583333333333
ByT5-small,86,2941,0.545454545455
ByT5-small,87,1738,0.461538461538
ByT5-small,88,1360,0.583333333333
ByT5-small,89,643,0.500000000000
ByT5-small,90,890,0.333333333333
ByT5-small,91,81,0.583333333333
ByT5-small,92,1042,0.400000000000
ByT5-small,93,403,0.500000000000
ByT5-small,94,1237,0.538461538462
ByT5-small,95,2439,0.384615384615
ByT5-small,96,479,0.363636363636
ByT5-small,97,2213,0.454545454545
ByT5-small,98,813,0.500000000000
ByT5-small,99,2416,0.500000000000
ByT5-small,100,355,0.583333333333
ByT5-small,101,1972,0.416666666667
ByT5-small,102,991,0.454545454545
ByT5-small,103,2324,0.500000000000
ByT5-small,104,528,0.500000000000
ByT5-small,105,440,0.583333333333
ByT5-small,106,1363,0.583333333333
ByT5-small,107,1743,0.461538461538
ByT5-small,108,2645,0.416666666667
ByT5-small,109,508,0.500000000000
ByT5-small,110,1079,0.333333333333
ByT5-small,111,1764,0.461538461538
ByT5-small,112,2413,0.333333333333
ByT5-small,113,777,0.461538461538
ByT5-small,114,2300,0.454545454545
ByT5-small,115,416,0.416666666667
ByT5-small,116,946,0.583333333333
ByT5-small,117,240,0.461538461538
ByT5-small,118,811,0.384615384615
ByT5-small,119,258,0.583333333333
ByT5-small,120,411,0.454545454545
ByT5-small,121,2642,0.416666666667
ByT5-small,122,496,0.454545454545
ByT5-small,123,121,0.500000000000
ByT5-small,124,832,0.583333333333
ByT5-small,125,760,0.500000000000
ByT5-small,126,2008,0.461538461538
ByT5-small,127,211,0.545454545455
ByT5-small,128,31,0.583333333333
ByT5-small,129,768,0.363636363636
ByT5-small,130,2317,0.416666666667
ByT5-small,131,680,0.500000000000
ByT5-small,132,367,0.454545454545
ByT5-small,133,651,0.416666666667
ByT5-small,134,2975,0.583333333333
ByT5-small,135,1243,0.400000000000
ByT5-small,136,1812,0.583333333333
ByT5-small,137,175,0.363636363636
ByT5-small,138,569,0.454545454545
ByT5-small,139,766,0.454545454545
ByT5-small,140,2188,0.500000000000
ByT5-small,141,1592,0.416666666667
ByT5-small,142,125,0.583333333333
ByT5-small,143,2822,0.416666666667
ByT5-small,144,2341,0.461538461538
ByT5-small,145,1371,0.333333333333
ByT5-small,146,450,0.500000000000
ByT5-small,147,808,0.538461538462
ByT5-small,148,408,0.454545454545
ByT5-small,149,533,0.384615384615
ByT5-small,150,412,0.416666666667
ByT5-small,151,284,0.600000000000
ByT5-small,152,1229,0.545454545455
ByT5-small,153,1308,0.400000000000
ByT5-small,154,433,0.416666666667
ByT5-small,155,1463,0.538461538462
ByT5-small,156,2092,0.583333333333
ByT5-small,157,1487,0.500000000000
ByT5-small,158,219,0.400000000000
ByT5-small,159,2293,0.500000000000
ByT5-small,160,255,0.461538461538
ByT5-small,161,2243,0.500000000000
ByT5-small,162,300,0.545454545455
ByT5-small,163,1449,0.545454545455
ByT5-small,164,1104,0.333333333333
ByT5-small,165,1577,0.454545454545
ByT5-small,166,818,0.500000000000
ByT5-small,167,2162,0.384615384615
ByT5-small,168,178,0.545454545455
ByT5-small,169,2463,0.461538461538
ByT5-small,170,1988,0.384615384615
ByT5-small,171,89,0.384615384615
ByT5-small,172,1454,0.666666666667
ByT5-small,173,1629,0.454545454545
ByT5-small,174,747,0.333333333333
ByT5-small,175,153,0.416666666667
ByT5-small,176,1092,0.545454545455
ByT5-small,177,602,0.500000000000
ByT5-small,178,1942,0.444444444444
ByT5-small,179,507,0.583333333333
ByT5-small,180,1724,0.384615384615
ByT5-small,181,2190,0.384615384615
ByT5-small,182,1344,0.363636363636
ByT5-small,183,2579,0.416666666667
ByT5-small,184,421,0.416666666667
ByT5-small,185,2602,0.545454545455
ByT5-small,186,1414,0.538461538462
ByT5-small,187,1212,0.461538461538
ByT5-small,188,2464,0.454545454545
ByT5-small,189,1230,0.333333333333
ByT5-small,190,2108,0.500000000000
ByT5-small,191,171,0.454545454545
ByT5-small,192,23,0.500000000000
ByT5-small,193,52,0.416666666667
ByT5-small,194,1728,0.538461538462
ByT5-small,195,2862,0.461538461538
ByT5-small,196,963,0.500000000000
ByT5-small,197,1979,0.333333333333
ByT5-small,198,1238,0.454545454545
ByT5-small,199,135,0.461538461538
ByT5-small,200,782,0.583333333333
ByT5-small,201,1134,0.384615384615
ByT5-small,202,2060,0.384615384615
ByT5-small,203,2496,0.461538461538
ByT5-small,204,966,0.400000000000
ByT5-small,205,2763,0.571428571429
ByT5-small,206,163,0.500000000000
ByT5-small,207,140,0.454545454545
ByT5-small,208,2699,0.384615384615
ByT5-small,209,2872,0.500000000000
ByT5-small,210,1095,0.500000000000
ByT5-small,211,2482,0.583333333333
ByT5-small,212,1957,0.583333333333
ByT5-small,213,566,0.384615384615
ByT5-small,214,2203,0.454545454545
ByT5-small,215,529,0.538461538462
ByT5-small,216,860,0.416666666667
ByT5-small,217,344,0.384615384615
ByT5-small,218,728,0.583333333333
ByT5-small,219,2454,0.545454545455
ByT5-small,220,290,0.384615384615
ByT5-small,221,1271,0.500000000000
ByT5-small,222,388,0.454545454545
ByT5-small,223,2581,0.454545454545
ByT5-small,224,174,0.461538461538
ByT5-small,225,2105,0.454545454545
ByT5-small,226,1468,0.500000000000
ByT5-small,227,2087,0.545454545455
ByT5-small,228,1652,0.538461538462
ByT5-small,229,1922,0.583333333333
ByT5-small,230,965,0.461538461538
ByT5-small,231,1264,0.545454545455
ByT5-small,232,1114,0.583333333333
ByT5-small,233,1545,0.545454545455
ByT5-small,234,314,0.454545454545
ByT5-small,235,184,0.300000000000
ByT5-small,236,603,0.400000000000
ByT5-small,237,1231,0.500000000000
ByT5-small,238,2041,0.500000000000
ByT5-small,239,424,0.666666666667
ByT5-small,240,2084,0.500000000000
ByT5-small,241,2191,0.500000000000
ByT5-small,242,953,0.583333333333
ByT5-small,243,1002,0.545454545455
ByT5-small,244,1376,0.500000000000
ByT5-small,245,2734,0.384615384615
ByT5-small,246,1870,0.444444444444
ByT5-small,247,1217,0.400000000000
ByT5-small,248,600,0.583333333333
ByT5-small,249,2894,0.500000000000
ByT5-small,250,299,0.454545454545
ByT5-small,251,1346,0.583333333333
ByT5-small,252,2993,0.307692307692
ByT5-small,253,1877,0.416666666667
ByT5-small,254,1318,0.333333333333
ByT5-small,255,2901,0.583333333333
ByT5-small,256,1428,0.583333333333
ByT5-small,257,1851,0.666666666667
ByT5-small,258,1273,0.333333333333
ByT5-small,259,1627,0.583333333333
ByT5-small,260,2835,0.636363636364
ByT5-small,261,941,0.454545454545
ByT5-small,262,875,0.500000000000
ByT5-small,263,1955,0.454545454545
ByT5-small,264,2269,0.545454545455
ByT5-small,265,999,0.555555555556
ByT5-small,266,2541,0.500000000000
ByT5-small,267,2959,0.400000000000
ByT5-small,268,185,0.583333333333
ByT5-small,269,1056,0.500000000000
ByT5-small,270,325,0.400000000000
ByT5-small,271,565,0.500000000000
ByT5-small,272,333,0.583333333333
ByT5-small,273,1836,0.461538461538
ByT5-small,274,2249,0.454545454545
ByT5-small,275,1477,0.416666666667
ByT5-small,276,2651,0.333333333333
ByT5-small,277,1840,0.454545454545
ByT5-small,278,1510,0.538461538462
ByT5-small,279,2873,0.333333333333
ByT5-small,280,696,0.384615384615
ByT5-small,281,228,0.454545454545
ByT5-small,282,53,0.583333333333
ByT5-small,283,950,0.384615384615
ByT5-small,284,1484,0.363636363636
ByT5-small,285,1423,0.384615384615
ByT5-small,286,1519,0.583333333333
ByT5-small,287,1862,0.583333333333
ByT5-small,288,2612,0.461538461538
ByT5-small,289,2674,0.416666666667
ByT5-small,290,2773,0.545454545455
ByT5-small,291,142,0.583333333333
ByT5-small,292,2527,0.500000000000
ByT5-small,293,582,0.454545454545
ByT5-small,294,1367,0.545454545455
ByT5-small,295,322,0.384615384615
ByT5-small,296,1949,0.307692307692
ByT5-small,297,1763,0.333333333333
ByT5-small,298,652,0.538461538462
ByT5-small,299,2907,0.400000000000
ByT5-small,300,2178,0.400000000000
ByT5-small,301,679,0.416666666667
ByT5-small,302,677,0.384615384615
mT5-base,1,1,0.444444444444
mT5-base,2,1197,0.461538461538
mT5-base,3,499,0.500000000000
mT5-base,4,1872,0.500000000000
mT5-base,5,267,0.500000000000
mT5-base,6,2277,0.500000000000
mT5-base,7,683,0.500000000000
mT5-base,8,1790,0.461538461538
mT5-base,9,1049,0.500000000000
mT5-base,10,2647,0.500000000000
mT5-base,11,64,0.500000000000
mT5-base,12,2281,0.500000000000
mT5-base,13,193,0.545454545455
mT5-base,14,2216,0.461538461538
mT5-base,15,417,0.363636363636
mT5-base,16,1090,0.461538461538
mT5-base,17,1179,0.363636363636
mT5-base,18,913,0.357142857143
mT5-base,19,68,0.500000000000
mT5-base,20,2556,0.500000000000
mT5-base,21,409,0.500000000000
mT5-base,22,394,0.583333333333
mT5-base,23,2844,0.500000000000
mT5-base,24,1675,0.500000000000
mT5-base,25,931,0.500000000000
mT5-base,26,310,0.583333333333
mT5-base,27,1508,0.363636363636
mT5-base,28,1565,0.461538461538
mT5-base,29,2029,0.400000000000
mT5-base,30,112,0.500000000000
mT5-base,31,2891,0.555555555556
mT5-base,32,1338,0.583333333333
mT5-base,33,1284,0.500000000000
mT5-base,34,1178,0.307692307692
mT5-base,35,1799,0.461538461538
mT5-base,36,2497,0.461538461538
mT5-base,37,1375,0.461538461538
mT5-base,38,2739,0.583333333333
mT5-base,39,2689,0.583333333333
mT5-base,40,2529,0.500000000000
mT5-base,41,901,0.500000000000
mT5-base,42,1703,0.500000000000
mT5-base,43,2401,0.461538461538
mT5-base,44,366,0.500000000000
mT5-base,45,45,0.500000000000
mT5-base,46,480,0.500000000000
mT5-base,47,545,0.500000000000
mT5-base,48,1778,0.500000000000
mT5-base,49,2547,0.500000000000
mT5-base,50,1124,0.444444444444
mT5-base,51,1745,0.500000000000
mT5-base,52,1466,0.400000000000
mT5-base,53,1712,0.363636363636
mT5-base,54,2284,0.416666666667
mT5-base,55,1643,0.500000000000
mT5-base,56,2403,0.500000000000
mT5-base,57,257,0.500000000000
mT5-base,58,1323,0.500000000000
mT5-base,59,204,0.461538461538
mT5-base,60,2457,0.461538461538
mT5-base,61,2930,0.500000000000
mT5-base,62,1458,0.500000000000
mT5-base,63,558,0.461538461538
mT5-base,64,846,0.500000000000
mT5-base,65,2491,0.500000000000
mT5-base,66,451,0.583333333333
mT5-base,67,820,0.500000000000
mT5-base,68,1362,0.461538461538
mT5-base,69,2376,0.583333333333
mT5-base,70,2373,0.363636363636
mT5-base,71,2081,0.583333333333
mT5-base,72,799,0.363636363636
mT5-base,73,2115,0.416666666667
mT5-base,74,2717,0.444444444444
mT5-base,75,44,0.454545454545
mT5-base,76,880,0.545454545455
mT5-base,77,1587,0.461538461538
mT5-base,78,437,0.500000000000
mT5-base,79,1222,0.500000000000
mT5-base,80,234,0.555555555556
mT5-base,81,2787,0.461538461538
mT5-base,82,1252,0.363636363636
mT5-base,83,1781,0.545454545455
mT5-base,84,611,0.666666666667
mT5-base,85,103,0.500000000000
mT5-base,86,2941,0.454545454545
mT5-base,87,1738,0.583333333333
mT5-base,88,1360,0.500000000000
mT5-base,89,643,0.500000000000
mT5-base,90,890,0.500000000000
mT5-base,91,81,0.444444444444
mT5-base,92,1042,0.500000000000
mT5-base,93,403,0.500000000000
mT5-base,94,1237,0.461538461538
mT5-base,95,2439,0.461538461538
mT5-base,96,479,0.307692307692
mT5-base,97,2213,0.500000000000
mT5-base,98,813,0.583333333333
mT5-base,99,2416,0.500000000000
mT5-base,100,355,0.500000000000
mT5-base,101,1972,0.461538461538
mT5-base,102,991,0.583333333333
mT5-base,103,2324,0.500000000000
mT5-base,104,528,0.500000000000
mT5-base,105,440,0.500000000000
mT5-base,106,1363,0.500000000000
mT5-base,107,1743,0.500000000000
mT5-base,108,2645,0.500000000000
mT5-base,109,508,0.363636363636
mT5-base,110,1079,0.666666666667
mT5-base,111,1764,0.500000000000
mT5-base,112,2413,0.461538461538
mT5-base,113,777,0.500000000000
mT5-base,114,2300,0.500000000000
mT5-base,115,416,0.500000000000
mT5-base,116,946,0.461538461538
mT5-base,117,240,0.500000000000
mT5-base,118,811,0.500000000000
mT5-base,119,258,0.666666666667
mT5-base,120,411,0.500000000000
mT5-base,121,2642,0.500000000000
mT5-base,122,496,0.500000000000
mT5-base,123,121,0.416666666667
mT5-base,124,832,0.500000000000
mT5-base,125,760,0.363636363636
mT5-base,126,2008,0.461538461538
mT5-base,127,211,0.461538461538
mT5-base,128,31,0.454545454545
mT5-base,129,768,0.500000000000
mT5-base,130,2317,0.444444444444
mT5-base,131,680,0.454545454545
mT5-base,132,367,0.555555555556
mT5-base,133,651,0.583333333333
mT5-base,134,2975,0.500000000000
mT5-base,135,1243,0.500000000000
mT5-base,136,1812,0.500000000000
mT5-base,137,175,0.500000000000
mT5-base,138,569,0.500000000000
mT5-base,139,766,0.461538461538
mT5-base,140,2188,0.461538461538
mT5-base,141,1592,0.444444444444
mT5-base,142,125,0.500000000000
mT5-base,143,2822,0.444444444444
mT5-base,144,2341,0.461538461538
mT5-base,145,1371,0.416666666667
mT5-base,146,450,0.461538461538
mT5-base,147,808,0.555555555556
mT5-base,148,408,0.500000000000
mT5-base,149,533,0.500000000000
mT5-base,150,412,0.461538461538
mT5-base,151,284,0.461538461538
mT5-base,152,1229,0.500000000000
mT5-base,153,1308,0.500000000000
mT5-base,154,433,0.500000000000
mT5-base,155,1463,0.545454545455
mT5-base,156,2092,0.500000000000
mT5-base,157,1487,0.500000000000
mT5-base,158,219,0.500000000000
mT5-base,159,2293,0.500000000000
mT5-base,160,255,0.500000000000
mT5-base,161,2243,0.363636363636
mT5-base,162,300,0.500000000000
mT5-base,163,1449,0.583333333333
mT5-base,164,1104,0.444444444444
mT5-base,165,1577,0.461538461538
mT5-base,166,818,0.363636363636
mT5-base,167,2162,0.500000000000
mT5-base,168,178,0.500000000000
mT5-base,169,2463,0.500000000000
mT5-base,170,1988,0.500000000000
mT5-base,171,89,0.500000000000
mT5-base,172,1454,0.500000000000
mT5-base,173,1629,0.461538461538
mT5-base,174,747,0.583333333333
mT5-base,175,153,0.666666666667
mT5-base,176,1092,0.500000000000
mT5-base,177,602,0.500000000000
mT5-base,178,1942,0.461538461538
mT5-base,179,507,0.500000000000
mT5-base,180,1724,0.500000000000
mT5-base,181,2190,0.500000000000
mT5-base,182,1344,0.500000000000
mT5-base,183,2579,0.363636363636
mT5-base,184,421,0.545454545455
mT5-base,185,2602,0.583333333333
mT5-base,186,1414,0.545454545455
mT5-base,187,1212,0.583333333333
mT5-base,188,2464,0.500000000000
mT5-base,189,1230,0.500000000000
mT5-base,190,2108,0.461538461538
mT5-base,191,171,0.583333333333
mT5-base,192,23,0.307692307692
mT5-base,193,52,0.500000000000
mT5-base,194,1728,0.500000000000
mT5-base,195,2862,0.500000000000
mT5-base,196,963,0.500000000000
mT5-base,197,1979,0.500000000000
mT5-base,198,1238,0.500000000000
mT5-base,199,135,0.400000000000
mT5-base,200,782,0.538461538462
mT5-base,201,1134,0.461538461538
mT5-base,202,2060,0.500000000000
mT5-base,203,2496,0.583333333333
mT5-base,204,966,0.500000000000
mT5-base,205,2763,0.500000000000
mT5-base,206,163,0.500000000000
mT5-base,207,140,0.500000000000
mT5-base,208,2699,0.500000000000
mT5-base,209,2872,0.500000000000
mT5-base,210,1095,0.461538461538
mT5-base,211,2482,0.500000000000
mT5-base,212,1957,0.500000000000
mT5-base,213,566,0.500000000000
mT5-base,214,2203,0.461538461538
mT5-base,215,529,0.461538461538
mT5-base,216,860,0.363636363636
mT5-base,217,344,0.500000000000
mT5-base,218,728,0.666666666667
mT5-base,219,2454,0.500000000000
mT5-base,220,290,0.500000000000
mT5-base,221,1271,0.500000000000
mT5-base,222,388,0.500000000000
mT5-base,223,2581,0.500000000000
mT5-base,224,174,0.500000000000
mT5-base,225,2105,0.500000000000
mT5-base,226,1468,0.555555555556
mT5-base,227,2087,0.583333333333
mT5-base,228,1652,0.454545454545
mT5-base,229,1922,0.500000000000
mT5-base,230,965,0.461538461538
mT5-base,231,1264,0.500000000000
mT5-base,232,1114,0.500000000000
mT5-base,233,1545,0.500000000000
mT5-base,234,314,0.500000000000
mT5-base,235,184,0.636363636364
mT5-base,236,603,0.461538461538
mT5-base,237,1231,0.461538461538
mT5-base,238,2041,0.461538461538
mT5-base,239,424,0.500000000000
mT5-base,240,2084,0.454545454545
mT5-base,241,2191,0.500000000000
mT5-base,242,953,0.500000000000
mT5-base,243,1002,0.444444444444
mT5-base,244,1376,0.500000000000
mT5-base,245,2734,0.500000000000
mT5-base,246,1870,0.500000000000
mT5-base,247,1217,0.500000000000
mT5-base,248,600,0.500000000000
mT5-base,249,2894,0.555555555556
mT5-base,250,299,0.500000000000
mT5-base,251,1346,0.500000000000
mT5-base,252,2993,0.444444444444
mT5-base,253,1877,0.500000000000
mT5-base,254,1318,0.454545454545
mT5-base,255,2901,0.500000000000
mT5-base,256,1428,0.500000000000
mT5-base,257,1851,0.500000000000
mT5-base,258,1273,0.666666666667
mT5-base,259,1627,0.500000000000
mT5-base,260,2835,0.363636363636
mT5-base,261,941,0.461538461538
mT5-base,262,875,0.500000000000
mT5-base,263,1955,0.500000000000
mT5-base,264,2269,0.461538461538
mT5-base,265,999,0.444444444444
mT5-base,266,2541,0.500000000000
mT5-base,267,2959,0.454545454545
mT5-base,268,185,0.500000000000
mT5-base,269,1056,0.500000000000
mT5-base,270,325,0.461538461538
mT5-base,271,565,0.555555555556
mT5-base,272,333,0.500000000000
mT5-base,273,1836,0.500000000000
mT5-base,274,2249,0.500000000000
mT5-base,275,1477,0.500000000000
mT5-base,276,2651,0.416666666667
mT5-base,277,1840,0.545454545455
mT5-base,278,1510,0.363636363636
mT5-base,279,2873,0.500000000000
mT5-base,280,696,0.363636363636
mT5-base,281,228,0.500000000000
mT5-base,282,53,0.500000000000
mT5-base,283,950,0.461538461538
mT5-base,284,1484,0.461538461538
mT5-base,285,1423,0.461538461538
mT5-base,286,1519,0.500000000000
mT5-base,287,1862,0.500000000000
mT5-base,288,2612,0.583333333333
mT5-base,289,2674,0.461538461538
mT5-base,290,2773,0.500000000000
mT5-base,291,142,0.500000000000
mT5-base,292,2527,0.500000000000
mT5-base,293,582,0.583333333333
mT5-base,294,1367,0.454545454545
mT5-base,295,322,0.500000000000
mT5-base,296,1949,0.545454545455
mT5-base,297,1763,0.416666666667
mT5-base,298,652,0.545454545455
mT5-base,299,2907,0.500000000000
mT5-base,300,2178,0.416666666667
mT5-base,301,679,0.500000000000
mT5-base,302,677,0.500000000000
BanglaGPT,1,1,0.300000000000
BanglaGPT,2,1197,0.333333333333
BanglaGPT,3,499,0.416666666667
BanglaGPT,4,1872,0.307692307692
BanglaGPT,5,267,0.153846153846
BanglaGPT,6,2277,0.230769230769
BanglaGPT,7,683,0.250000000000
BanglaGPT,8,1790,0.307692307692
BanglaGPT,9,1049,0.200000000000
BanglaGPT,10,2647,0.400000000000
BanglaGPT,11,64,0.300000000000
BanglaGPT,12,2281,0.416666666667
BanglaGPT,13,193,0.166666666667
BanglaGPT,14,2216,0.250000000000
BanglaGPT,15,417,0.272727272727
BanglaGPT,16,1090,0.363636363636
BanglaGPT,17,1179,0.307692307692
BanglaGPT,18,913,0.230769230769
BanglaGPT,19,68,0.333333333333
BanglaGPT,20,2556,0.333333333333
BanglaGPT,21,409,0.250000000000
BanglaGPT,22,394,0.250000000000
BanglaGPT,23,2844,0.230769230769
BanglaGPT,24,1675,0.250000000000
BanglaGPT,25,931,0.307692307692
BanglaGPT,26,310,0.300000000000
BanglaGPT,27,1508,0.363636363636
BanglaGPT,28,1565,0.250000000000
BanglaGPT,29,2029,0.230769230769
BanglaGPT,30,112,0.300000000000
BanglaGPT,31,2891,0.230769230769
BanglaGPT,32,1338,0.384615384615
BanglaGPT,33,1284,0.333333333333
BanglaGPT,34,1178,0.333333333333
BanglaGPT,35,1799,0.250000000000
BanglaGPT,36,2497,0.222222222222
BanglaGPT,37,1375,0.125000000000
BanglaGPT,38,2739,0.142857142857
BanglaGPT,39,2689,0.222222222222
BanglaGPT,40,2529,0.454545454545
BanglaGPT,41,901,0.307692307692
BanglaGPT,42,1703,0.285714285714
BanglaGPT,43,2401,0.250000000000
BanglaGPT,44,366,0.333333333333
BanglaGPT,45,45,0.250000000000
BanglaGPT,46,480,0.500000000000
BanglaGPT,47,545,0.384615384615
BanglaGPT,48,1778,0.307692307692
BanglaGPT,49,2547,0.416666666667
BanglaGPT,50,1124,0.272727272727
BanglaGPT,51,1745,0.133333333333
BanglaGPT,52,1466,0.375000000000
BanglaGPT,53,1712,0.125000000000
BanglaGPT,54,2284,0.363636363636
BanglaGPT,55,1643,0.357142857143
BanglaGPT,56,2403,0.250000000000
BanglaGPT,57,257,0.200000000000
BanglaGPT,58,1323,0.153846153846
BanglaGPT,59,204,0.250000000000
BanglaGPT,60,2457,0.307692307692
BanglaGPT,61,2930,0.076923076923
BanglaGPT,62,1458,0.181818181818
BanglaGPT,63,558,0.250000000000
BanglaGPT,64,846,0.250000000000
BanglaGPT,65,2491,0.250000000000
BanglaGPT,66,451,0.384615384615
BanglaGPT,67,820,0.214285714286
BanglaGPT,68,1362,0.200000000000
BanglaGPT,69,2376,0.230769230769
BanglaGPT,70,2373,0.142857142857
BanglaGPT,71,2081,0.400000000000
BanglaGPT,72,799,0.181818181818
BanglaGPT,73,2115,0.214285714286
BanglaGPT,74,2717,0.230769230769
BanglaGPT,75,44,0.500000000000
BanglaGPT,76,880,0.166666666667
BanglaGPT,77,1587,0.307692307692
BanglaGPT,78,437,0.166666666667
BanglaGPT,79,1222,0.111111111111
BanglaGPT,80,234,0.307692307692
BanglaGPT,81,2787,0.285714285714
BanglaGPT,82,1252,0.384615384615
BanglaGPT,83,1781,0.272727272727
BanglaGPT,84,611,0.285714285714
BanglaGPT,85,103,0.250000000000
BanglaGPT,86,2941,0.400000000000
BanglaGPT,87,1738,0.153846153846
BanglaGPT,88,1360,0.200000000000
BanglaGPT,89,643,0.230769230769
BanglaGPT,90,890,0.294117647059
BanglaGPT,91,81,0.133333333333
BanglaGPT,92,1042,0.333333333333
BanglaGPT,93,403,0.333333333333
BanglaGPT,94,1237,0.416666666667
BanglaGPT,95,2439,0.384615384615
BanglaGPT,96,479,0.153846153846
BanglaGPT,97,2213,0.333333333333
BanglaGPT,98,813,0.090909090909
BanglaGPT,99,2416,0.090909090909
BanglaGPT,100,355,0.153846153846
BanglaGPT,101,1972,0.230769230769
BanglaGPT,102,991,0.153846153846
BanglaGPT,103,2324,0.272727272727
BanglaGPT,104,528,0.230769230769
BanglaGPT,105,440,0.300000000000
BanglaGPT,106,1363,0.181818181818
BanglaGPT,107,1743,0.090909090909
BanglaGPT,108,2645,0.416666666667
BanglaGPT,109,508,0.272727272727
BanglaGPT,110,1079,0.285714285714
BanglaGPT,111,1764,0.250000000000
BanglaGPT,112,2413,0.363636363636
BanglaGPT,113,777,0.250000000000
BanglaGPT,114,2300,0.250000000000
BanglaGPT,115,416,0.200000000000
BanglaGPT,116,946,0.300000000000
BanglaGPT,117,240,0.230769230769
BanglaGPT,118,811,0.307692307692
BanglaGPT,119,258,0.416666666667
BanglaGPT,120,411,0.153846153846
BanglaGPT,121,2642,0.250000000000
BanglaGPT,122,496,0.363636363636
BanglaGPT,123,121,0.214285714286
BanglaGPT,124,832,0.400000000000
BanglaGPT,125,760,0.500000000000
BanglaGPT,126,2008,0.153846153846
BanglaGPT,127,211,0.307692307692
BanglaGPT,128,31,0.250000000000
BanglaGPT,129,768,0.333333333333
BanglaGPT,130,2317,0.384615384615
BanglaGPT,131,680,0.250000000000
BanglaGPT,132,367,0.230769230769
BanglaGPT,133,651,0.153846153846
BanglaGPT,134,2975,0.250000000000
BanglaGPT,135,1243,0.166666666667
BanglaGPT,136,1812,0.363636363636
BanglaGPT,137,175,0.230769230769
BanglaGPT,138,569,0.153846153846
BanglaGPT,139,766,0.230769230769
BanglaGPT,140,2188,0.333333333333
BanglaGPT,141,1592,0.250000000000
BanglaGPT,142,125,0.500000000000
BanglaGPT,143,2822,0.307692307692
BanglaGPT,144,2341,0.142857142857
BanglaGPT,145,1371,0.181818181818
BanglaGPT,146,450,0.250000000000
BanglaGPT,147,808,0.250000000000
BanglaGPT,148,408,0.545454545455
BanglaGPT,149,533,0.230769230769
BanglaGPT,150,412,0.384615384615
BanglaGPT,151,284,0.250000000000
BanglaGPT,152,1229,0.272727272727
BanglaGPT,153,1308,0.272727272727
BanglaGPT,154,433,0.142857142857
BanglaGPT,155,1463,0.444444444444
BanglaGPT,156,2092,0.272727272727
BanglaGPT,157,1487,0.153846153846
BanglaGPT,158,219,0.166666666667
BanglaGPT,159,2293,0.181818181818
BanglaGPT,160,255,0.142857142857
BanglaGPT,161,2243,0.250000000000
BanglaGPT,162,300,0.272727272727
BanglaGPT,163,1449,0.230769230769
BanglaGPT,164,1104,0.071428571429
BanglaGPT,165,1577,0.363636363636
BanglaGPT,166,818,0.444444444444
BanglaGPT,167,2162,0.125000000000
BanglaGPT,168,178,0.375000000000
BanglaGPT,169,2463,0.333333333333
BanglaGPT,170,1988,0.181818181818
BanglaGPT,171,89,0.066666666667
BanglaGPT,172,1454,0.230769230769
BanglaGPT,173,1629,0.333333333333
BanglaGPT,174,747,0.200000000000
BanglaGPT,175,153,0.200000000000
BanglaGPT,176,1092,0.181818181818
BanglaGPT,177,602,0.307692307692
BanglaGPT,178,1942,0.142857142857
BanglaGPT,179,507,0.200000000000
BanglaGPT,180,1724,0.307692307692
BanglaGPT,181,2190,0.230769230769
BanglaGPT,182,1344,0.333333333333
BanglaGPT,183,2579,0.071428571429
BanglaGPT,184,421,0.400000000000
BanglaGPT,185,2602,0.272727272727
BanglaGPT,186,1414,0.181818181818
BanglaGPT,187,1212,0.416666666667
BanglaGPT,188,2464,0.363636363636
BanglaGPT,189,1230,0.230769230769
BanglaGPT,190,2108,0.250000000000
BanglaGPT,191,171,0.142857142857
BanglaGPT,192,23,0.333333333333
BanglaGPT,193,52,0.384615384615
BanglaGPT,194,1728,0.250000000000
BanglaGPT,195,2862,0.300000000000
BanglaGPT,196,963,0.230769230769
BanglaGPT,197,1979,0.250000000000
BanglaGPT,198,1238,0.333333333333
BanglaGPT,199,135,0.230769230769
BanglaGPT,200,782,0.300000000000
BanglaGPT,201,1134,0.153846153846
BanglaGPT,202,2060,0.166666666667
BanglaGPT,203,2496,0.384615384615
BanglaGPT,204,966,0.500000000000
BanglaGPT,205,2763,0.083333333333
BanglaGPT,206,163,0.166666666667
BanglaGPT,207,140,0.333333333333
BanglaGPT,208,2699,0.250000000000
BanglaGPT,209,2872,0.214285714286
BanglaGPT,210,1095,0.307692307692
BanglaGPT,211,2482,0.384615384615
BanglaGPT,212,1957,0.333333333333
BanglaGPT,213,566,0.166666666667
BanglaGPT,214,2203,0.214285714286
BanglaGPT,215,529,0.230769230769
BanglaGPT,216,860,0.307692307692
BanglaGPT,217,344,0.307692307692
BanglaGPT,218,728,0.200000000000
BanglaGPT,219,2454,0.083333333333
BanglaGPT,220,290,0.214285714286
BanglaGPT,221,1271,0.181818181818
BanglaGPT,222,388,0.142857142857
BanglaGPT,223,2581,0.363636363636
BanglaGPT,224,174,0.307692307692
BanglaGPT,225,2105,0.545454545455
BanglaGPT,226,1468,0.272727272727
BanglaGPT,227,2087,0.250000000000
BanglaGPT,228,1652,0.300000000000
BanglaGPT,229,1922,0.333333333333
BanglaGPT,230,965,0.125000000000
BanglaGPT,231,1264,0.300000000000
BanglaGPT,232,1114,0.375000000000
BanglaGPT,233,1545,0.200000000000
BanglaGPT,234,314,0.153846153846
BanglaGPT,235,184,0.307692307692
BanglaGPT,236,603,0.384615384615
BanglaGPT,237,1231,0.200000000000
BanglaGPT,238,2041,0.285714285714
BanglaGPT,239,424,0.230769230769
BanglaGPT,240,2084,0.200000000000
BanglaGPT,241,2191,0.307692307692
BanglaGPT,242,953,0.307692307692
BanglaGPT,243,1002,0.250000000000
BanglaGPT,244,1376,0.250000000000
BanglaGPT,245,2734,0.250000000000
BanglaGPT,246,1870,0.384615384615
BanglaGPT,247,1217,0.250000000000
BanglaGPT,248,600,0.153846153846
BanglaGPT,249,2894,0.272727272727
BanglaGPT,250,299,0.333333333333
BanglaGPT,251,1346,0.416666666667
BanglaGPT,252,2993,0.214285714286
BanglaGPT,253,1877,0.250000000000
BanglaGPT,254,1318,0.333333333333
BanglaGPT,255,2901,0.181818181818
BanglaGPT,256,1428,0.250000000000
BanglaGPT,257,1851,0.307692307692
BanglaGPT,258,1273,0.214285714286
BanglaGPT,259,1627,0.384615384615
BanglaGPT,260,2835,0.285714285714
BanglaGPT,261,941,0.250000000000
BanglaGPT,262,875,0.272727272727
BanglaGPT,263,1955,0.235294117647
BanglaGPT,264,2269,0.363636363636
BanglaGPT,265,999,0.142857142857
BanglaGPT,266,2541,0.200000000000
BanglaGPT,267,2959,0.363636363636
BanglaGPT,268,185,0.200000000000
BanglaGPT,269,1056,0.363636363636
BanglaGPT,270,325,0.153846153846
BanglaGPT,271,565,0.153846153846
BanglaGPT,272,333,0.461538461538
BanglaGPT,273,1836,0.153846153846
BanglaGPT,274,2249,0.214285714286
BanglaGPT,275,1477,0.384615384615
BanglaGPT,276,2651,0.125000000000
BanglaGPT,277,1840,0.333333333333
BanglaGPT,278,1510,0.230769230769
BanglaGPT,279,2873,0.235294117647
BanglaGPT,280,696,0.300000000000
BanglaGPT,281,228,0.307692307692
BanglaGPT,282,53,0.307692307692
BanglaGPT,283,950,0.200000000000
BanglaGPT,284,1484,0.307692307692
BanglaGPT,285,1423,0.230769230769
BanglaGPT,286,1519,0.333333333333
BanglaGPT,287,1862,0.250000000000
BanglaGPT,288,2612,0.000000000000
BanglaGPT,289,2674,0.416666666667
BanglaGPT,290,2773,0.250000000000
BanglaGPT,291,142,0.083333333333
BanglaGPT,292,2527,0.363636363636
BanglaGPT,293,582,0.272727272727
BanglaGPT,294,1367,0.461538461538
BanglaGPT,295,322,0.454545454545
BanglaGPT,296,1949,0.133333333333
BanglaGPT,297,1763,0.272727272727
BanglaGPT,298,652,0.363636363636
BanglaGPT,299,2907,0.230769230769
BanglaGPT,300,2178,0.181818181818
BanglaGPT,301,679,0.333333333333
BanglaGPT,302,677,0.230769230769
